Time1,Block1,Sted1,Hast1,Acc1,Time2,Block2,Sted2,Hast2,Acc2,Time3,Block3,Sted3,Hast3,Acc3,Time4,Block4,Sted4,Hast4,Acc4,Time5,Block5,Sted5,Hast5,Acc5,Time6,Block6,Sted6,Hast6,Acc6,Time7,Block7,Sted7,Hast7,Acc7,Time8,Block8,Sted8,Hast8,Acc8,,,,,,,,,,,,,,,,,,,,,,,,,,,,,,,,,
1.48,1.00,0.02,,,1.19,1.00,0.02,,,0.06,1.00,0.02,,,0.21,1.00,0.02,,,0.29,1.00,0.02,,,0.78,1.00,0.02,,,0.10,1.00,0.02,,,0.59,1.00,0.02,,,,,,,,,,,,,,,,,,,,,,,,,,,,,,,,,,,
1.54,,,0.13,,1.25,,,0.12,,0.10,,,0.19,,0.24,,,0.25,,0.32,,,0.25,,0.83,,,0.14,,0.14,,,0.19,,0.62,,,0.21,,,,,,,,,,,,,,,,,,,,,,,,,,,,,,,,,,
1.59,,,,0.52,1.31,,,,0.53,0.13,,,,2.22,0.27,,,,2.22,0.35,,,,2.77,0.88,,,,0.52,0.18,2.00,0.03,,,0.66,,,,0.95,,,,,,,,,,,,,,,,,,,,,,,,,,,,,,,,,
1.60,2.00,0.03,,,1.32,2.00,0.03,,,0.14,2.00,0.03,,,0.27,2.00,0.03,,,0.35,2.00,0.03,,,0.89,2.00,0.03,,,0.18,,,,-0.04,0.66,2.00,0.03,,,,,,,,,,,,,,,,,,,,,,,,,,,,,,,,,,,
1.64,,,0.18,,1.36,,,0.17,,0.16,,,0.33,,0.29,,,0.36,,0.37,,,0.39,,0.93,,,0.19,,0.22,,,0.18,,0.69,,,0.27,,,,,,,,,,,,,,,,,,,,,,,,,,,,,,,,,,
1.68,,,,0.53,1.40,,,,0.52,0.18,,,,2.23,0.31,,,,2.20,0.39,,,,2.74,0.96,,,,0.52,0.25,,,,0.71,0.71,,,,0.98,,,,,,,,,,,,,,,,,,,,,,,,,,,,,,,,,
1.69,3.00,0.05,,,1.40,3.00,0.05,,,0.18,3.00,0.05,,,0.31,3.00,0.05,,,0.39,3.00,0.05,,,0.97,3.00,0.05,,,0.26,3.00,0.05,,,0.72,3.00,0.05,,,,,,,,,,,,,,,,,,,,,,,,,,,,,,,,,,,
1.72,,,0.22,,1.44,,,0.21,,0.20,,,0.42,,0.33,,,0.44,,0.41,,,0.48,,1.00,,,0.22,,0.29,,,0.23,,0.74,,,0.32,,,,,,,,,,,,,,,,,,,,,,,,,,,,,,,,,,
1.75,,,,0.55,1.47,,,,0.51,0.22,,,,2.27,0.35,,,,2.20,0.42,,,,2.75,1.03,,,,0.51,0.32,,,,0.66,0.76,,,,0.98,,,,,,,,,,,,,,,,,,,,,,,,,,,,,,,,,
1.75,4.00,0.06,,,1.47,4.00,0.06,,,0.22,4.00,0.06,,,0.35,4.00,0.06,,,0.42,4.00,0.06,,,1.04,4.00,0.06,,,0.32,4.00,0.06,,,0.76,4.00,0.06,,,,,,,,,,,,,,,,,,,,,,,,,,,,,,,,,,,
1.78,,,0.25,,1.50,,,0.25,,0.24,,,0.49,,0.36,,,0.51,,0.44,,,0.56,,1.06,,,0.26,,0.35,,,0.27,,0.79,,,0.36,,,,,,,,,,,,,,,,,,,,,,,,,,,,,,,,,,
1.81,,,,0.54,1.53,,,,0.52,0.25,,,,2.21,0.38,,,,2.21,0.45,,,,2.75,1.09,,,,0.52,0.38,,,,0.67,0.80,,,,0.96,,,,,,,,,,,,,,,,,,,,,,,,,,,,,,,,,
1.81,5.00,0.08,,,1.53,5.00,0.08,,,0.25,5.00,0.08,,,0.38,5.00,0.08,,,0.45,5.00,0.08,,,1.09,5.00,0.08,,,0.38,5.00,0.08,,,0.81,5.00,0.08,,,,,,,,,,,,,,,,,,,,,,,,,,,,,,,,,,,
1.84,,,0.28,,1.56,,,0.28,,0.27,,,0.56,,0.39,,,0.58,,0.46,,,0.63,,1.12,,,0.29,,0.40,,,0.31,,0.82,,,0.40,,,,,,,,,,,,,,,,,,,,,,,,,,,,,,,,,,
1.86,,,,0.56,1.59,,,,0.53,0.28,,,,2.20,0.40,,,,2.23,0.47,,,,2.76,1.15,,,,0.53,0.42,,,,0.68,0.84,,,,1.04,,,,,,,,,,,,,,,,,,,,,,,,,,,,,,,,,
1.86,6.00,0.09,,,1.59,6.00,0.09,,,0.28,6.00,0.09,,,0.40,6.00,0.09,,,0.47,6.00,0.09,,,1.15,6.00,0.09,,,0.43,6.00,0.09,,,0.84,6.00,0.09,,,,,,,,,,,,,,,,,,,,,,,,,,,,,,,,,,,
1.89,,,0.31,,1.61,,,0.31,,0.29,,,0.61,,0.41,,,0.63,,0.48,,,0.69,,1.17,,,0.31,,0.45,,,0.34,,0.86,,,0.44,,,,,,,,,,,,,,,,,,,,,,,,,,,,,,,,,,
1.91,,,,0.53,1.64,,,,0.53,0.30,,,,2.19,0.43,,,,2.20,0.49,,,,2.75,1.19,,,,0.52,0.47,,,,0.67,0.88,,,,0.98,,,,,,,,,,,,,,,,,,,,,,,,,,,,,,,,,
1.91,7.00,0.11,,,1.64,7.00,0.11,,,0.30,7.00,0.11,,,0.43,7.00,0.11,,,0.49,7.00,0.11,,,1.20,7.00,0.11,,,0.47,7.00,0.11,,,0.88,7.00,0.11,,,,,,,,,,,,,,,,,,,,,,,,,,,,,,,,,,,
1.94,,,0.34,,1.66,,,0.33,,0.31,,,0.67,,0.44,,,0.68,,0.51,,,0.75,,1.22,,,0.34,,0.49,,,0.37,,0.89,,,0.47,,,,,,,,,,,,,,,,,,,,,,,,,,,,,,,,,,
1.96,,,,0.52,1.68,,,,0.55,0.33,,,,2.18,0.45,,,,2.29,0.52,,,,2.82,1.24,,,,0.57,0.51,,,,0.72,0.91,,,,1.05,,,,,,,,,,,,,,,,,,,,,,,,,,,,,,,,,
1.96,8.00,0.12,,,1.68,8.00,0.12,,,0.33,8.00,0.12,,,0.45,8.00,0.12,,,0.52,8.00,0.12,,,1.24,8.00,0.12,,,0.51,8.00,0.12,,,0.91,8.00,0.12,,,,,,,,,,,,,,,,,,,,,,,,,,,,,,,,,,,
1.98,,,0.36,,1.70,,,0.35,,0.34,,,0.71,,0.46,,,0.73,,0.52,,,0.81,,1.26,,,0.36,,0.53,,,0.40,,0.92,,,0.50,,,,,,,,,,,,,,,,,,,,,,,,,,,,,,,,,,
2.00,,,,0.51,1.73,,,,0.53,0.35,,,,2.20,0.47,,,,2.20,0.53,,,,2.72,1.28,,,,0.54,0.55,,,,0.68,0.94,,,,0.95,,,,,,,,,,,,,,,,,,,,,,,,,,,,,,,,,
2.00,9.00,0.14,,,1.73,9.00,0.14,,,0.35,9.00,0.14,,,0.47,9.00,0.14,,,0.53,9.00,0.14,,,1.28,9.00,0.14,,,0.55,9.00,0.14,,,0.94,9.00,0.14,,,,,,,,,,,,,,,,,,,,,,,,,,,,,,,,,,,
2.02,,,0.38,,1.75,,,0.38,,0.36,,,0.76,,0.48,,,0.77,,0.54,,,0.85,,1.30,,,0.38,,0.57,,,0.42,,0.95,,,0.53,,,,,,,,,,,,,,,,,,,,,,,,,,,,,,,,,,
2.04,,,,0.51,1.76,,,,0.57,0.37,,,,2.24,0.49,,,,2.37,0.55,,,,2.96,1.32,,,,0.56,0.58,,,,0.70,0.97,,,,0.98,,,,,,,,,,,,,,,,,,,,,,,,,,,,,,,,,
2.04,10.00,0.15,,,1.76,10.00,0.15,,,0.37,10.00,0.15,,,0.49,10.00,0.15,,,0.55,10.00,0.15,,,1.32,10.00,0.15,,,0.58,10.00,0.15,,,0.97,10.00,0.15,,,,,,,,,,,,,,,,,,,,,,,,,,,,,,,,,,,
2.06,,,0.40,,1.78,,,0.40,,0.38,,,0.80,,0.50,,,0.82,,0.56,,,0.90,,1.34,,,0.40,,0.60,,,0.45,,0.98,,,0.56,,,,,,,,,,,,,,,,,,,,,,,,,,,,,,,,,,
2.08,,,,0.52,1.80,,,,0.52,0.38,,,,2.19,0.51,,,,2.17,0.57,,,,2.69,1.36,,,,0.07,0.62,,,,0.66,0.99,,,,0.95,,,,,,,,,,,,,,,,,,,,,,,,,,,,,,,,,
2.08,11.00,0.16,,,1.80,11.00,0.16,,,0.39,11.00,0.16,,,0.51,11.00,0.16,,,0.57,11.00,0.16,,,1.36,11.00,0.16,,,0.62,11.00,0.16,,,0.99,11.00,0.16,,,,,,,,,,,,,,,,,,,,,,,,,,,,,,,,,,,
2.09,,,0.42,,1.82,,,0.42,,0.39,,,0.84,,0.52,,,0.86,,0.58,,,0.95,,1.38,,,0.41,,0.64,,,0.47,,1.01,,,0.58,,,,,,,,,,,,,,,,,,,,,,,,,,,,,,,,,,
2.11,,,,0.54,1.84,,,,0.52,0.40,,,,2.30,0.52,,,,2.18,0.58,,,,2.74,1.39,12.00,0.18,,,0.65,,,,0.67,1.02,,,,0.92,,,,,,,,,,,,,,,,,,,,,,,,,,,,,,,,,
2.11,12.00,0.18,,,1.84,12.00,0.18,,,0.40,12.00,0.18,,,0.53,12.00,0.18,,,0.58,12.00,0.18,,,1.39,,,,-0.31,0.65,12.00,0.18,,,1.02,12.00,0.18,,,,,,,,,,,,,,,,,,,,,,,,,,,,,,,,,,,
2.13,,,0.44,,1.86,,,0.44,,0.41,,,0.88,,0.53,,,0.89,,0.59,,,0.99,,1.41,,,0.39,,0.67,,,0.49,,1.03,,,0.60,,,,,,,,,,,,,,,,,,,,,,,,,,,,,,,,,,
2.15,,,,0.52,1.87,,,,0.50,0.42,,,,2.16,0.54,,,,2.15,0.60,,,,2.66,1.43,,,,0.41,0.68,,,,0.65,1.04,,,,0.95,,,,,,,,,,,,,,,,,,,,,,,,,,,,,,,,,
2.15,13.00,0.20,,,1.87,13.00,0.20,,,0.42,13.00,0.20,,,0.54,13.00,0.20,,,0.60,13.00,0.20,,,1.43,13.00,0.20,,,0.68,13.00,0.20,,,1.04,13.00,0.20,,,,,,,,,,,,,,,,,,,,,,,,,,,,,,,,,,,
2.16,,,0.46,,1.89,,,0.45,,0.43,,,0.92,,0.55,,,0.93,,0.61,,,1.03,,1.45,,,0.41,,0.70,,,0.51,,1.06,,,0.63,,,,,,,,,,,,,,,,,,,,,,,,,,,,,,,,,,
2.18,,,,0.56,1.91,,,,0.51,0.44,,,,2.40,0.56,,,,2.17,0.61,,,,2.67,1.47,,,,0.49,0.71,,,,0.63,1.07,,,,0.94,,,,,,,,,,,,,,,,,,,,,,,,,,,,,,,,,
2.18,14.00,0.21,,,1.91,14.00,0.21,,,0.44,14.00,0.21,,,0.56,14.00,0.21,,,0.61,14.00,0.21,,,1.47,14.00,0.21,,,0.71,14.00,0.21,,,1.07,14.00,0.21,,,,,,,,,,,,,,,,,,,,,,,,,,,,,,,,,,,
2.19,,,0.47,,1.92,,,0.47,,0.44,,,0.96,,0.56,,,0.96,,0.62,,,1.07,,1.49,,,0.43,,0.72,,,0.53,,1.08,,,0.65,,,,,,,,,,,,,,,,,,,,,,,,,,,,,,,,,,
2.21,,,,0.53,1.94,,,,0.51,0.45,,,,2.15,0.57,,,,2.21,0.63,,,,2.78,1.50,,,,0.50,0.74,,,,0.66,1.09,,,,0.86,,,,,,,,,,,,,,,,,,,,,,,,,,,,,,,,,
2.21,15.00,0.22,,,1.94,15.00,0.22,,,0.45,15.00,0.22,,,0.57,15.00,0.22,,,0.63,15.00,0.22,,,1.50,15.00,0.22,,,0.74,15.00,0.22,,,1.09,15.00,0.22,,,,,,,,,,,,,,,,,,,,,,,,,,,,,,,,,,,
2.23,,,0.49,,1.95,,,0.49,,0.46,,,0.99,,0.58,,,1.00,,0.63,,,1.11,,1.52,,,0.44,,0.75,,,0.54,,1.10,,,0.67,,,,,,,,,,,,,,,,,,,,,,,,,,,,,,,,,,
2.24,,,,0.59,1.97,,,,0.54,0.47,,,,2.23,0.59,,,,2.24,0.64,,,,2.75,1.54,,,,0.51,0.77,,,,0.64,1.11,,,,1.09,,,,,,,,,,,,,,,,,,,,,,,,,,,,,,,,,
2.24,16.00,0.24,,,1.97,16.00,0.24,,,0.47,16.00,0.24,,,0.59,16.00,0.24,,,0.64,16.00,0.24,,,1.54,16.00,0.24,,,0.77,16.00,0.24,,,1.11,16.00,0.24,,,,,,,,,,,,,,,,,,,,,,,,,,,,,,,,,,,
2.26,,,0.51,,1.98,,,0.50,,0.47,,,1.02,,0.59,,,1.03,,0.65,,,1.14,,1.55,,,0.46,,0.78,,,0.56,,1.12,,,0.69,,,,,,,,,,,,,,,,,,,,,,,,,,,,,,,,,,
2.27,,,,0.51,2.00,,,,0.52,0.48,,,,2.07,0.60,,,,2.15,0.65,,,,2.64,1.57,,,,0.50,0.79,,,,0.64,1.14,,,,0.91,,,,,,,,,,,,,,,,,,,,,,,,,,,,,,,,,
2.27,17.00,0.26,,,2.00,17.00,0.26,,,0.48,17.00,0.26,,,0.60,17.00,0.26,,,0.65,17.00,0.26,,,1.57,17.00,0.26,,,0.79,17.00,0.26,,,1.14,17.00,0.26,,,,,,,,,,,,,,,,,,,,,,,,,,,,,,,,,,,
2.29,,,0.52,,2.01,,,0.52,,0.49,,,1.05,,0.61,,,1.06,,0.66,,,1.18,,1.59,,,0.48,,0.81,,,0.58,,1.15,,,0.71,,,,,,,,,,,,,,,,,,,,,,,,,,,,,,,,,,
2.30,,,,0.52,2.03,,,,0.56,0.50,,,,2.20,0.62,,,,2.34,0.67,,,,2.92,1.60,,,,0.59,0.82,,,,0.75,1.16,,,,1.02,,,,,,,,,,,,,,,,,,,,,,,,,,,,,,,,,
2.30,18.00,0.27,,,2.03,18.00,0.27,,,0.50,18.00,0.27,,,0.62,18.00,0.27,,,0.67,18.00,0.27,,,1.60,18.00,0.27,,,0.82,18.00,0.27,,,1.16,18.00,0.27,,,,,,,,,,,,,,,,,,,,,,,,,,,,,,,,,,,
2.31,,,0.54,,2.04,,,0.53,,0.50,,,1.08,,0.62,,,1.09,,0.67,,,1.21,,1.62,,,0.50,,0.83,,,0.60,,1.17,,,0.73,,,,,,,,,,,,,,,,,,,,,,,,,,,,,,,,,,
2.33,,,,0.50,2.06,,,,0.52,0.51,,,,2.14,0.63,,,,2.17,0.68,,,,2.64,1.63,,,,0.53,0.84,,,,0.69,1.18,,,,0.88,,,,,,,,,,,,,,,,,,,,,,,,,,,,,,,,,
2.33,19.00,0.29,,,2.06,19.00,0.29,,,0.51,19.00,0.29,,,0.63,19.00,0.29,,,0.68,19.00,0.29,,,1.63,19.00,0.29,,,0.84,19.00,0.29,,,1.18,19.00,0.29,,,,,,,,,,,,,,,,,,,,,,,,,,,,,,,,,,,
2.34,,,0.55,,2.07,,,0.55,,0.52,,,1.11,,0.64,,,1.12,,0.69,,,1.25,,1.65,,,0.51,,0.86,,,0.61,,1.19,,,0.75,,,,,,,,,,,,,,,,,,,,,,,,,,,,,,,,,,
2.35,,,,0.51,2.08,,,,0.61,0.52,,,,2.28,0.64,,,,2.48,0.69,,,,3.23,1.66,,,,0.58,0.87,,,,0.74,1.20,,,,0.93,,,,,,,,,,,,,,,,,,,,,,,,,,,,,,,,,
2.35,20.00,0.30,,,2.08,20.00,0.30,,,0.52,20.00,0.30,,,0.64,20.00,0.30,,,0.69,20.00,0.30,,,1.66,20.00,0.30,,,0.87,20.00,0.30,,,1.20,20.00,0.30,,,,,,,,,,,,,,,,,,,,,,,,,,,,,,,,,,,
2.37,,,0.56,,2.10,,,0.56,,0.53,,,1.14,,0.65,,,1.16,,0.70,,,1.28,,1.68,,,0.53,,0.88,,,0.63,,1.21,,,0.77,,,,,,,,,,,,,,,,,,,,,,,,,,,,,,,,,,
2.38,,,,0.52,2.11,,,,0.51,0.54,,,,2.18,0.66,,,,2.17,0.70,,,,2.46,1.69,,,,0.52,0.89,,,,0.66,1.22,,,,0.96,,,,,,,,,,,,,,,,,,,,,,,,,,,,,,,,,
2.38,21.00,0.32,,,2.11,21.00,0.32,,,0.54,21.00,0.32,,,0.66,21.00,0.32,,,0.70,21.00,0.32,,,1.69,21.00,0.32,,,0.89,21.00,0.32,,,1.22,21.00,0.32,,,,,,,,,,,,,,,,,,,,,,,,,,,,,,,,,,,
2.39,,,0.58,,2.12,,,0.58,,0.54,,,1.17,,0.66,,,1.18,,0.71,,,1.31,,1.70,,,0.54,,0.90,,,0.65,,1.23,,,0.79,,,,,,,,,,,,,,,,,,,,,,,,,,,,,,,,,,
2.41,,,,0.55,2.14,,,,0.51,0.55,,,,2.35,0.67,,,,2.14,0.71,,,,2.77,1.72,,,,0.53,0.92,,,,0.67,1.24,,,,0.86,,,,,,,,,,,,,,,,,,,,,,,,,,,,,,,,,
2.41,22.00,0.33,,,2.14,22.00,0.33,,,0.55,22.00,0.33,,,0.67,22.00,0.33,,,0.71,22.00,0.33,,,1.72,22.00,0.33,,,0.92,22.00,0.33,,,1.24,22.00,0.33,,,,,,,,,,,,,,,,,,,,,,,,,,,,,,,,,,,
2.42,,,0.59,,2.15,,,0.59,,0.56,,,1.20,,0.68,,,1.21,,0.72,,,1.34,,1.73,,,0.56,,0.93,,,0.66,,1.25,,,0.80,,,,,,,,,,,,,,,,,,,,,,,,,,,,,,,,,,
2.43,,,,0.52,2.16,,,,0.50,0.56,,,,2.15,0.68,,,,2.18,0.72,,,,2.63,1.74,,,,0.53,0.94,,,,0.67,1.25,,,,0.94,,,,,,,,,,,,,,,,,,,,,,,,,,,,,,,,,
2.43,23.00,0.35,,,2.16,23.00,0.35,,,0.56,23.00,0.35,,,0.68,23.00,0.35,,,0.72,23.00,0.35,,,1.74,23.00,0.35,,,0.94,23.00,0.35,,,1.25,23.00,0.35,,,,,,,,,,,,,,,,,,,,,,,,,,,,,,,,,,,
2.44,,,0.61,,2.17,,,0.60,,0.57,,,1.23,,0.69,,,1.24,,0.73,,,1.37,,1.76,,,0.57,,0.95,,,0.68,,1.26,,,0.82,,,,,,,,,,,,,,,,,,,,,,,,,,,,,,,,,,
2.46,,,,0.57,2.19,,,,0.51,0.57,,,,2.53,0.69,,,,2.01,0.74,,,,2.56,1.77,,,,0.51,0.96,,,,0.63,1.27,,,,0.91,,,,,,,,,,,,,,,,,,,,,,,,,,,,,,,,,
2.46,24.00,0.36,,,2.19,24.00,0.36,,,0.57,24.00,0.36,,,0.69,24.00,0.36,,,0.74,24.00,0.36,,,1.77,24.00,0.36,,,0.96,24.00,0.36,,,1.27,24.00,0.36,,,,,,,,,,,,,,,,,,,,,,,,,,,,,,,,,,,
2.47,,,0.62,,2.20,,,0.62,,0.58,,,1.26,,0.70,,,1.26,,0.74,,,1.40,,1.78,,,0.58,,0.97,,,0.69,,1.28,,,0.84,,,,,,,,,,,,,,,,,,,,,,,,,,,,,,,,,,
2.48,,,,0.53,2.21,,,,0.51,0.59,,,,2.12,0.71,,,,2.31,0.75,,,,2.84,1.80,,,,0.53,0.98,,,,0.69,1.29,,,,0.76,,,,,,,,,,,,,,,,,,,,,,,,,,,,,,,,,
2.48,25.00,0.37,,,2.21,25.00,0.37,,,0.59,25.00,0.37,,,0.71,25.00,0.37,,,0.75,25.00,0.37,,,1.80,25.00,0.37,,,0.98,25.00,0.37,,,1.29,25.00,0.37,,,,,,,,,,,,,,,,,,,,,,,,,,,,,,,,,,,
2.49,,,0.63,,2.22,,,0.63,,0.59,,,1.28,,0.71,,,1.29,,0.75,,,1.43,,1.81,,,0.60,,0.99,,,0.71,,1.30,,,0.85,,,,,,,,,,,,,,,,,,,,,,,,,,,,,,,,,,
2.50,,,,0.62,2.23,,,,0.54,0.60,,,,2.23,0.72,,,,2.19,0.76,,,,2.72,1.82,26.00,0.39,,,1.00,,,,0.63,1.31,,,,1.14,,,,,,,,,,,,,,,,,,,,,,,,,,,,,,,,,
2.50,26.00,0.39,,,2.23,26.00,0.39,,,0.60,26.00,0.39,,,0.72,26.00,0.39,,,0.76,26.00,0.39,,,1.82,,,,-0.65,1.00,26.00,0.39,,,1.31,26.00,0.39,,,,,,,,,,,,,,,,,,,,,,,,,,,,,,,,,,,
2.52,,,0.65,,2.25,,,0.64,,0.60,,,1.31,,0.72,,,1.31,,0.76,,,1.46,,1.83,,,0.58,,1.01,,,0.72,,1.32,,,0.87,,,,,,,,,,,,,,,,,,,,,,,,,,,,,,,,,,
2.53,,,,0.50,2.26,,,,0.52,0.61,,,,2.04,0.73,,,,2.13,0.77,,,,2.53,1.85,27.00,0.40,,,1.02,,,,0.63,1.32,,,,0.94,,,,,,,,,,,,,,,,,,,,,,,,,,,,,,,,,
2.53,27.00,0.40,,,2.26,27.00,0.40,,,0.61,27.00,0.40,,,0.73,27.00,0.40,,,0.77,27.00,0.40,,,1.85,,,,-3.46,1.02,27.00,0.40,,,1.33,27.00,0.40,,,,,,,,,,,,,,,,,,,,,,,,,,,,,,,,,,,
2.54,,,0.66,,2.27,,,0.65,,0.61,,,1.33,,0.73,,,1.34,,0.77,,,1.49,,1.86,,,0.48,,1.03,,,0.73,,1.33,,,0.89,,,,,,,,,,,,,,,,,,,,,,,,,,,,,,,,,,
2.55,,,,0.52,2.28,,,,0.58,0.62,,,,2.08,0.74,,,,2.43,0.78,,,,3.08,1.88,28.00,0.42,,,1.04,,,,0.80,1.34,,,,0.98,,,,,,,,,,,,,,,,,,,,,,,,,,,,,,,,,
2.55,28.00,0.42,,,2.28,28.00,0.42,,,0.62,28.00,0.42,,,0.74,28.00,0.42,,,0.78,28.00,0.42,,,1.88,,,,-2.71,1.04,28.00,0.42,,,1.34,28.00,0.42,,,,,,,,,,,,,,,,,,,,,,,,,,,,,,,,,,,
2.56,,,0.67,,2.29,,,0.67,,0.63,,,1.35,,0.75,,,1.37,,0.78,,,1.52,,1.90,,,0.39,,1.05,,,0.75,,1.35,,,0.90,,,,,,,,,,,,,,,,,,,,,,,,,,,,,,,,,,
2.57,,,,0.47,2.30,,,,0.53,0.63,,,,2.26,0.75,29.00,0.44,,,0.79,,,,2.57,1.92,29.00,0.44,,,1.06,,,,0.74,1.36,,,,0.83,,,,,,,,,,,,,,,,,,,,,,,,,,,,,,,,,
2.57,29.00,0.44,,,2.30,29.00,0.44,,,0.63,29.00,0.44,,,0.75,,,,-5.52,0.79,29.00,0.44,,,1.92,,,,-2.33,1.06,29.00,0.44,,,1.36,29.00,0.44,,,,,,,,,,,,,,,,,,,,,,,,,,,,,,,,,,,
2.58,,,0.68,,2.31,,,0.68,,0.64,,,1.38,,0.76,,,1.30,,0.79,,,1.54,,1.94,,,0.28,,1.07,,,0.76,,1.37,,,0.92,,,,,,,,,,,,,,,,,,,,,,,,,,,,,,,,,,
2.60,,,,0.50,2.33,,,,0.62,0.64,,,,2.31,0.76,,,,12.79,0.80,,,,3.22,1.97,30.00,0.45,,,1.08,,,,0.77,1.38,,,,0.88,,,,,,,,,,,,,,,,,,,,,,,,,,,,,,,,,
2.60,30.00,0.45,,,2.33,30.00,0.45,,,0.64,30.00,0.45,,,0.76,30.00,0.45,,,0.80,30.00,0.45,,,1.98,,,,-1.39,1.08,30.00,0.45,,,1.38,30.00,0.45,,,,,,,,,,,,,,,,,,,,,,,,,,,,,,,,,,,
2.61,,,0.69,,2.34,,,0.69,,0.65,,,1.40,,0.77,,,1.44,,0.80,,,1.57,,2.01,,,0.19,,1.09,,,0.78,,1.38,,,0.93,,,,,,,,,,,,,,,,,,,,,,,,,,,,,,,,,,
2.62,,,,0.52,2.35,,,,0.51,0.65,,,,2.02,0.77,31.00,0.46,,,0.81,,,,2.53,2.05,31.00,0.46,,,1.10,,,,0.63,1.39,,,,0.67,,,,,,,,,,,,,,,,,,,,,,,,,,,,,,,,,
2.62,31.00,0.46,,,2.35,31.00,0.46,,,0.65,31.00,0.46,,,0.77,,,,-2.92,0.81,31.00,0.46,,,,,,,,1.10,31.00,0.46,,,1.39,31.00,0.46,,,,,,,,,,,,,,,,,,,,,,,,,,,,,,,,,,,
2.63,,,0.70,,2.36,,,0.70,,0.66,,,1.43,,0.78,,,1.41,,0.81,,,1.60,,,,,,,1.11,,,0.79,,1.40,,,0.94,,,,,,,,,,,,,,,,,,,,,,,,,,,,,,,,,,
2.64,,,,0.56,2.37,,,,0.51,0.66,,,,2.43,0.78,,,,1.35,0.82,,,,2.76,,,,,,1.12,,,,0.75,1.41,,,,0.40,,,,,,,,,,,,,,,,,,,,,,,,,,,,,,,,,
2.64,32.00,0.48,,,2.37,32.00,0.48,,,0.66,32.00,0.48,,,0.78,32.00,0.48,,,0.82,32.00,0.48,,,,,,,,1.12,32.00,0.48,,,1.41,32.00,0.48,,,,,,,,,,,,,,,,,,,,,,,,,,,,,,,,,,,
2.65,,,0.71,,2.38,,,0.71,,0.67,,,1.45,,0.79,,,1.43,,0.82,,,1.62,,,,,,,1.13,,,0.81,,1.42,,,0.95,,,,,,,,,,,,,,,,,,,,,,,,,,,,,,,,,,
2.66,,,,0.51,2.39,,,,0.50,0.67,,,,2.21,0.79,33.00,0.50,,,0.83,,,,2.54,,,,,,1.14,,,,0.63,1.42,,,,1.37,,,,,,,,,,,,,,,,,,,,,,,,,,,,,,,,,
2.66,33.00,0.50,,,2.39,33.00,0.50,,,0.67,33.00,0.50,,,0.80,,,,-30.10,0.83,33.00,0.50,,,,,,,,1.14,33.00,0.50,,,1.42,33.00,0.50,,,,,,,,,,,,,,,,,,,,,,,,,,,,,,,,,,,
2.67,,,0.73,,2.40,,,0.72,,0.68,,,1.47,,0.80,,,1.05,,0.83,,,1.65,,,,,,,1.15,,,0.82,,1.43,,,0.97,,,,,,,,,,,,,,,,,,,,,,,,,,,,,,,,,,
2.68,,,,0.59,2.41,,,,0.49,0.68,,,,2.59,0.81,34.00,0.51,,,0.83,34.00,0.51,,,,,,,,1.16,,,,0.66,1.44,,,,0.86,,,,,,,,,,,,,,,,,,,,,,,,,,,,,,,,,
2.68,34.00,0.51,,,2.41,34.00,0.51,,,0.68,34.00,0.51,,,0.81,,,,-6.70,0.83,,,,-2.58,,,,,,1.16,34.00,0.51,,,1.44,34.00,0.51,,,,,,,,,,,,,,,,,,,,,,,,,,,,,,,,,,,
2.69,,,0.74,,2.42,,,0.73,,0.69,,,1.50,,0.82,,,0.95,,0.84,,,1.62,,,,,,,1.17,,,0.83,,1.45,,,0.98,,,,,,,,,,,,,,,,,,,,,,,,,,,,,,,,,,
2.70,,,,0.52,2.43,,,,0.51,0.69,,,,1.97,0.82,,,,14.08,0.84,35.00,0.53,,,,,,,,1.18,,,,0.71,1.45,,,,0.23,,,,,,,,,,,,,,,,,,,,,,,,,,,,,,,,,
2.70,35.00,0.53,,,2.43,35.00,0.53,,,0.69,35.00,0.53,,,0.82,35.00,0.53,,,0.84,,,,-4.92,,,,,,1.18,35.00,0.53,,,1.45,35.00,0.53,,,,,,,,,,,,,,,,,,,,,,,,,,,,,,,,,,,
2.71,,,0.75,,2.44,,,0.74,,0.70,,,1.52,,0.83,,,1.16,,0.85,,,1.58,,,,,,,1.19,,,0.84,,1.46,,,0.99,,,,,,,,,,,,,,,,,,,,,,,,,,,,,,,,,,
2.72,,,,0.65,2.45,,,,0.57,0.70,,,,2.39,0.84,36.00,0.54,,,0.85,,,,0.02,,,,,,1.20,,,,0.64,1.47,,,,1.38,,,,,,,,,,,,,,,,,,,,,,,,,,,,,,,,,
2.72,36.00,0.54,,,2.45,36.00,0.54,,,0.70,36.00,0.54,,,0.84,,,,-0.35,0.85,36.00,0.54,,,,,,,,1.20,36.00,0.54,,,1.47,36.00,0.54,,,,,,,,,,,,,,,,,,,,,,,,,,,,,,,,,,,
2.73,,,0.76,,2.46,,,0.76,,0.71,,,1.54,,0.84,,,1.15,,0.86,,,1.58,,,,,,,1.20,,,0.85,,1.48,,,1.01,,,,,,,,,,,,,,,,,,,,,,,,,,,,,,,,,,
2.74,,,,0.49,2.47,,,,0.50,0.71,,,,1.95,0.85,37.00,0.55,,,0.86,37.00,0.55,,,,,,,,1.21,,,,0.60,1.48,,,,0.74,,,,,,,,,,,,,,,,,,,,,,,,,,,,,,,,,
2.74,37.00,0.55,,,2.47,37.00,0.55,,,0.71,37.00,0.55,,,0.85,,,,-0.34,0.86,,,,-0.24,,,,,,1.21,37.00,0.55,,,1.48,37.00,0.55,,,,,,,,,,,,,,,,,,,,,,,,,,,,,,,,,,,
2.75,,,0.77,,2.48,,,0.77,,0.72,,,1.56,,0.86,,,1.15,,0.87,,,1.57,,,,,,,1.22,,,0.86,,1.49,,,1.02,,,,,,,,,,,,,,,,,,,,,,,,,,,,,,,,,,
2.76,,,,0.52,2.49,,,,0.61,0.72,,,,1.91,0.86,38.00,0.57,,,0.87,,,,0.30,,,,,,1.23,,,,0.94,1.50,38.00,0.57,,,,,,,,,,,,,,,,,,,,,,,,,,,,,,,,,,,
2.76,38.00,0.57,,,2.49,38.00,0.57,,,0.72,38.00,0.57,,,0.86,,,,-2.87,0.87,38.00,0.57,,,,,,,,1.23,38.00,0.57,,,1.50,,,,-3.17,,,,,,,,,,,,,,,,,,,,,,,,,,,,,,,,,
2.77,,,0.78,,2.50,,,0.78,,0.73,,,1.58,,0.87,,,1.11,,0.88,,,1.58,,,,,,,1.24,,,0.88,,1.51,,,0.97,,,,,,,,,,,,,,,,,,,,,,,,,,,,,,,,,,
2.78,,,,0.45,2.51,,,,0.50,0.73,,,,2.20,0.88,39.00,0.58,,,0.88,39.00,0.58,,,,,,,,1.25,,,,0.68,1.51,39.00,0.58,,,,,,,,,,,,,,,,,,,,,,,,,,,,,,,,,,,
2.78,39.00,0.58,,,2.51,39.00,0.58,,,0.73,39.00,0.58,,,0.88,,,,-21.29,0.88,,,,-0.21,,,,,,1.25,39.00,0.58,,,1.51,,,,-1.19,,,,,,,,,,,,,,,,,,,,,,,,,,,,,,,,,
2.79,,,0.79,,2.52,,,0.79,,0.74,,,1.60,,0.89,,,0.75,,0.89,,,1.57,,,,,,,1.26,,,0.89,,1.52,,,0.95,,,,,,,,,,,,,,,,,,,,,,,,,,,,,,,,,,
2.80,,,,0.50,2.53,,,,0.66,0.74,,,,2.67,0.90,40.00,0.60,,,0.89,,,,0.35,,,,,,1.26,40.00,0.60,,,1.53,40.00,0.60,,,,,,,,,,,,,,,,,,,,,,,,,,,,,,,,,,,
2.80,40.00,0.60,,,2.53,40.00,0.60,,,0.74,40.00,0.60,,,0.90,,,,-11.89,0.89,40.00,0.60,,,,,,,,1.26,,,,-0.22,1.53,,,,-1.83,,,,,,,,,,,,,,,,,,,,,,,,,,,,,,,,,
2.81,,,0.80,,2.54,,,0.80,,0.75,,,1.63,,0.91,,,0.42,,0.90,,,1.58,,,,,,,1.27,,,0.89,,1.54,,,0.92,,,,,,,,,,,,,,,,,,,,,,,,,,,,,,,,,,
2.82,,,,0.53,2.55,,,,0.49,0.75,,,,1.65,0.93,41.00,0.62,,,0.90,41.00,0.62,,,,,,,,1.28,41.00,0.62,,,1.55,41.00,0.62,,,,,,,,,,,,,,,,,,,,,,,,,,,,,,,,,,,
2.82,41.00,0.62,,,2.55,41.00,0.62,,,0.75,41.00,0.62,,,0.94,,,,-2.58,0.90,,,,-0.28,,,,,,1.28,,,,-14.93,1.55,,,,-5.47,,,,,,,,,,,,,,,,,,,,,,,,,,,,,,,,,
2.83,,,0.81,,2.56,,,0.81,,0.76,,,1.64,,0.96,,,0.32,,0.91,,,1.57,,,,,,,1.29,,,0.56,,1.55,,,0.83,,,,,,,,,,,,,,,,,,,,,,,,,,,,,,,,,,
2.83,,,,0.56,2.57,,,,0.51,0.76,,,,2.32,0.98,,,,1.55,0.91,42.00,0.63,,,,,,,,1.31,42.00,0.63,,,1.56,42.00,0.63,,,,,,,,,,,,,,,,,,,,,,,,,,,,,,,,,,,
2.83,42.00,0.63,,,2.57,42.00,0.63,,,0.76,42.00,0.63,,,0.98,42.00,0.63,,,0.91,,,,-0.23,,,,,,1.31,,,,-4.76,1.56,,,,-3.55,,,,,,,,,,,,,,,,,,,,,,,,,,,,,,,,,
2.85,,,0.82,,2.58,,,0.82,,0.77,,,1.66,,1.00,,,0.38,,0.92,,,1.57,,,,,,,1.33,,,0.41,,1.57,,,0.76,,,,,,,,,,,,,,,,,,,,,,,,,,,,,,,,,,
2.85,,,,0.50,2.58,,,,0.47,0.77,,,,2.43,1.02,43.00,0.65,,,0.92,43.00,0.65,,,,,,,,1.34,43.00,0.65,,,1.58,43.00,0.65,,,,,,,,,,,,,,,,,,,,,,,,,,,,,,,,,,,
2.85,43.00,0.65,,,2.58,43.00,0.65,,,0.77,43.00,0.65,,,1.02,,,,-0.26,0.92,,,,-0.29,,,,,,1.35,,,,-1.36,1.59,,,,-13.20,,,,,,,,,,,,,,,,,,,,,,,,,,,,,,,,,
2.86,,,0.83,,2.59,,,0.83,,0.77,,,1.68,,1.04,,,0.37,,0.93,,,1.57,,,,,,,1.36,,,0.36,,1.61,,,0.28,,,,,,,,,,,,,,,,,,,,,,,,,,,,,,,,,,
2.87,,,,0.62,2.60,,,,0.48,0.78,,,,2.98,1.05,,,,9.48,0.93,44.00,0.66,,,,,,,,1.39,44.00,0.66,,,1.64,44.00,0.66,,,,,,,,,,,,,,,,,,,,,,,,,,,,,,,,,,,
2.87,44.00,0.66,,,2.60,44.00,0.66,,,0.78,44.00,0.66,,,1.06,44.00,0.66,,,0.93,,,,-0.24,,,,,,1.39,,,,-2.52,1.64,,,,-1.10,,,,,,,,,,,,,,,,,,,,,,,,,,,,,,,,,
2.88,,,0.84,,2.61,,,0.84,,0.78,,,1.71,,1.07,,,0.67,,0.94,,,1.57,,,,,,,1.42,,,0.22,,1.67,,,0.22,,,,,,,,,,,,,,,,,,,,,,,,,,,,,,,,,,
2.89,,,,0.51,2.62,,,,0.52,0.79,,,,1.51,1.08,45.00,0.67,,,0.94,45.00,0.67,,,,,,,,1.45,,,,1.11,1.71,45.00,0.67,,,,,,,,,,,,,,,,,,,,,,,,,,,,,,,,,,,
2.89,45.00,0.67,,,2.62,45.00,0.67,,,0.79,45.00,0.67,,,1.08,,,,-4.72,0.94,,,,-0.14,,,,,,1.45,45.00,0.67,,,1.74,,,,-1.07,,,,,,,,,,,,,,,,,,,,,,,,,,,,,,,,,
2.90,,,0.85,,2.63,,,0.84,,0.79,,,1.72,,1.09,,,0.55,,0.94,,,1.57,,,,,,,1.48,,,0.29,,1.80,,,0.08,,,,,,,,,,,,,,,,,,,,,,,,,,,,,,,,,,
2.91,,,,0.67,2.64,,,,0.56,0.80,46.00,0.69,,,1.11,46.00,0.69,,,0.95,,,,0.03,,,,,,1.51,46.00,0.69,,,1.89,46.00,0.69,,,,,,,,,,,,,,,,,,,,,,,,,,,,,,,,,,,
2.91,46.00,0.69,,,2.64,46.00,0.69,,,0.80,,,,-9.92,,,,,,,1.11,,,,,0.95,46.00,0.69,,,,,,,,,,,,,,,,,,,,,,,,,,,,,,,,,,,,,,,,,,,,
2.92,,,0.86,,2.65,,,0.85,,0.80,,,1.63,,,,,,,,1.13,,,0.43,,0.95,,,1.57,,,,,,,,,,,,,,,,,,,,,,,,,,,,,,,,,,,,,,,,,,,
2.92,,,,0.51,2.65,,,,0.52,0.80,,,,24.09,,,,,,,1.14,47.00,0.70,,,0.96,47.00,0.70,,,,,,,,,,,,,,,,,,,,,,,,,,,,,,,,,,,,,,,,,,,,
2.92,47.00,0.70,,,2.65,47.00,0.70,,,0.81,47.00,0.70,,,,,,,,,1.15,,,,,0.96,,,,,,,,,,-0.15,,,,,,,,,,,,,,,,,,,,,,,,,,,,,,,,,,,,
2.93,,,0.87,,2.66,,,0.86,,0.81,,,1.84,,,,,,,,1.16,,,0.36,,0.96,,,1.57,,,,,,,,,,,,,,,,,,,,,,,,,,,,,,,,,,,,,,,,,,,
2.94,,,,0.48,2.67,,,,0.60,0.81,,,,2.52,,,,,,,1.19,48.00,0.72,,,0.97,,,,,,,,,,0.22,,,,,,,,,,,,,,,,,,,,,,,,,,,,,,,,,,,,
2.94,48.00,0.72,,,2.67,48.00,0.72,,,0.81,48.00,0.72,,,,,,,,,1.19,,,,,0.97,48.00,0.72,,,,,,,,,,,,,,,,,,,,,,,,,,,,,,,,,,,,,,,,,,,,
2.95,,,0.88,,2.68,,,0.87,,0.82,,,1.86,,,,,,,,1.21,,,0.32,,0.97,,,1.57,,,,,,,,,,,,,,,,,,,,,,,,,,,,,,,,,,,,,,,,,,,
2.96,49.00,0.74,,,2.69,,,,0.52,0.82,49.00,0.74,,,,,,,,,1.23,49.00,0.74,,,0.98,49.00,0.74,,,,,,,,,,,,,,,,,,,,,,,,,,,,,,,,,,,,,,,,,,,,
2.96,,,,-0.34,2.69,49.00,0.74,,,0.82,,,,-1.65,,,,,,,1.23,,,,,0.98,,,,,,,,,,-0.19,,,,,,,,,,,,,,,,,,,,,,,,,,,,,,,,,,,,
2.97,,,0.87,,2.70,,,0.88,,0.82,,,1.85,,,,,,,,1.26,,,0.29,,0.98,,,1.57,,,,,,,,,,,,,,,,,,,,,,,,,,,,,,,,,,,,,,,,,,,
2.98,50.00,0.75,,,2.71,50.00,0.75,,,0.83,50.00,0.75,,,,,,,,,1.28,50.00,0.75,,,0.99,,,,,,,,,,0.36,,,,,,,,,,,,,,,,,,,,,,,,,,,,,,,,,,,,
2.98,,,,-1.92,2.71,,,,-1.22,0.83,,,,-0.84,,,,,,,1.28,,,,,0.99,50.00,0.75,,,,,,,,,,,,,,,,,,,,,,,,,,,,,,,,,,,,,,,,,,,,
2.98,,,0.84,,2.72,,,0.86,,0.83,,,1.84,,,,,,,,1.31,,,0.29,,0.99,,,1.57,,,,,,,,,,,,,,,,,,,,,,,,,,,,,,,,,,,,,,,,,,,
2.99,51.00,0.77,,,2.72,51.00,0.77,,,0.84,51.00,0.77,,,,,,,,,1.34,51.00,0.77,,,1.00,51.00,0.77,,,,,,,,,,,,,,,,,,,,,,,,,,,,,,,,,,,,,,,,,,,,
3.00,,,,-16.02,2.72,,,,-0.54,0.84,,,,-23.14,,,,,,,1.37,,,,,1.00,,,,,,,,,,-0.26,,,,,,,,,,,,,,,,,,,,,,,,,,,,,,,,,,,,
3.02,,,0.36,,2.73,,,0.85,,0.84,,,1.64,,,,,,,,1.44,,,0.07,,1.00,,,1.57,,,,,,,,,,,,,,,,,,,,,,,,,,,,,,,,,,,,,,,,,,,
3.04,52.00,0.78,,,2.74,52.00,0.78,,,0.85,52.00,0.78,,,,,,,,,1.50,,,,,1.01,52.00,0.78,,,,,,,,,,,,,,,,,,,,,,,,,,,,,,,,,,,,,,,,,,,,
3.12,,,,-1.48,2.76,,,,-13.57,0.85,,,,-9.59,,,,,,,1.54,52.00,0.78,,,1.01,,,,,,,,,,-0.22,,,,,,,,,,,,,,,,,,,,,,,,,,,,,,,,,,,,
3.23,,,0.04,,2.78,,,0.19,,0.85,,,1.55,,,,,,,,1.57,,,0.27,,1.01,,,1.56,,,,,,,,,,,,,,,,,,,,,,,,,,,,,,,,,,,,,,,,,,,
3.43,53.00,0.79,,,2.82,53.00,0.79,,,0.86,53.00,0.79,,,,,,,,,1.59,,,,,1.02,53.00,0.79,,,,,,,,,,,,,,,,,,,,,,,,,,,,,,,,,,,,,,,,,,,,
,,,,,2.89,,,,-0.68,0.86,,,,-3.01,,,,,,,1.60,53.00,0.79,,,1.02,,,,,,,,,,-0.29,,,,,,,,,,,,,,,,,,,,,,,,,,,,,,,,,,,,
,,,,,2.99,,,0.04,,0.86,,,1.52,,,,,,,,1.62,,,0.35,,1.02,,,1.56,,,,,,,,,,,,,,,,,,,,,,,,,,,,,,,,,,,,,,,,,,,
,,,,,3.16,54.00,0.81,,,0.87,54.00,0.81,,,,,,,,,1.64,54.00,0.81,,,1.03,54.00,0.81,,,,,,,,,,,,,,,,,,,,,,,,,,,,,,,,,,,,,,,,,,,,
,,,,,,,,,,0.87,,,,-8.96,,,,,,,1.69,,,,,1.03,,,,,,,,,,-0.22,,,,,,,,,,,,,,,,,,,,,,,,,,,,,,,,,,,,
,,,,,,,,,,0.87,,,1.43,,,,,,,,1.76,,,0.06,,1.03,,,1.56,,,,,,,,,,,,,,,,,,,,,,,,,,,,,,,,,,,,,,,,,,,
,,,,,,,,,,0.88,55.00,0.82,,,,,,,,,1.88,55.00,0.82,,,1.03,55.00,0.82,,,,,,,,,,,,,,,,,,,,,,,,,,,,,,,,,,,,,,,,,,,,
,,,,,,,,,,0.88,,,,-3.92,,,,,,,1.92,,,,,1.03,,,,,,,,,,-0.13,,,,,,,,,,,,,,,,,,,,,,,,,,,,,,,,,,,,
,,,,,,,,,,0.88,,,1.39,,,,,,,,2.09,,,0.04,,1.04,,,1.56,,,,,,,,,,,,,,,,,,,,,,,,,,,,,,,,,,,,,,,,,,,
,,,,,,,,,,0.89,56.00,0.84,,,,,,,,,2.23,,,,,1.04,56.00,0.84,,,,,,,,,,,,,,,,,,,,,,,,,,,,,,,,,,,,,,,,,,,,
,,,,,,,,,,0.89,,,,-5.53,,,,,,,2.29,56.00,0.84,,,1.04,,,,,,,,,,-1.41,,,,,,,,,,,,,,,,,,,,,,,,,,,,,,,,,,,,
,,,,,,,,,,0.89,,,1.33,,,,,,,,2.36,,,0.11,,1.05,,,1.54,,,,,,,,,,,,,,,,,,,,,,,,,,,,,,,,,,,,,,,,,,,
,,,,,,,,,,0.90,57.00,0.85,,,,,,,,,2.43,57.00,0.85,,,1.05,57.00,0.85,,,,,,,,,,,,,,,,,,,,,,,,,,,,,,,,,,,,,,,,,,,,
,,,,,,,,,,0.90,,,,-5.67,,,,,,,,,,,,1.05,,,,,,,,,,-0.18,,,,,,,,,,,,,,,,,,,,,,,,,,,,,,,,,,,,
,,,,,,,,,,0.90,,,1.27,,,,,,,,,,,,,1.06,,,1.54,,,,,,,,,,,,,,,,,,,,,,,,,,,,,,,,,,,,,,,,,,,
,,,,,,,,,,0.91,58.00,0.87,,,,,,,,,,,,,,1.06,,,,,,,,,,0.21,,,,,,,,,,,,,,,,,,,,,,,,,,,,,,,,,,,,
,,,,,,,,,,0.91,,,,-4.09,,,,,,,,,,,,1.06,58.00,0.87,,,,,,,,,,,,,,,,,,,,,,,,,,,,,,,,,,,,,,,,,,,,
,,,,,,,,,,0.92,,,1.22,,,,,,,,,,,,,1.07,,,1.54,,,,,,,,,,,,,,,,,,,,,,,,,,,,,,,,,,,,,,,,,,,
,,,,,,,,,,0.92,59.00,0.89,,,,,,,,,,,,,,1.07,59.00,0.89,,,,,,,,,,,,,,,,,,,,,,,,,,,,,,,,,,,,,,,,,,,,
,,,,,,,,,,0.92,,,,-3.64,,,,,,,,,,,,1.07,,,,,,,,,,-0.20,,,,,,,,,,,,,,,,,,,,,,,,,,,,,,,,,,,,
,,,,,,,,,,0.93,,,1.17,,,,,,,,,,,,,1.08,,,1.54,,,,,,,,,,,,,,,,,,,,,,,,,,,,,,,,,,,,,,,,,,,
,,,,,,,,,,0.94,60.00,0.90,,,,,,,,,,,,,,1.08,,,,,,,,,,0.38,,,,,,,,,,,,,,,,,,,,,,,,,,,,,,,,,,,,
,,,,,,,,,,0.94,,,,-3.93,,,,,,,,,,,,1.08,60.00,0.90,,,,,,,,,,,,,,,,,,,,,,,,,,,,,,,,,,,,,,,,,,,,
,,,,,,,,,,0.94,,,1.12,,,,,,,,,,,,,1.09,,,1.55,,,,,,,,,,,,,,,,,,,,,,,,,,,,,,,,,,,,,,,,,,,
,,,,,,,,,,0.95,61.00,0.91,,,,,,,,,,,,,,1.09,61.00,0.91,,,,,,,,,,,,,,,,,,,,,,,,,,,,,,,,,,,,,,,,,,,,
,,,,,,,,,,0.95,,,,-3.69,,,,,,,,,,,,1.09,,,,,,,,,,-0.30,,,,,,,,,,,,,,,,,,,,,,,,,,,,,,,,,,,,
,,,,,,,,,,0.96,,,1.07,,,,,,,,,,,,,1.10,,,1.54,,,,,,,,,,,,,,,,,,,,,,,,,,,,,,,,,,,,,,,,,,,
,,,,,,,,,,0.96,62.00,0.93,,,,,,,,,,,,,,1.10,62.00,0.93,,,,,,,,,,,,,,,,,,,,,,,,,,,,,,,,,,,,,,,,,,,,
,,,,,,,,,,0.96,,,,-3.39,,,,,,,,,,,,1.10,,,,,,,,,,-0.29,,,,,,,,,,,,,,,,,,,,,,,,,,,,,,,,,,,,
,,,,,,,,,,0.97,,,1.02,,,,,,,,,,,,,1.11,,,1.54,,,,,,,,,,,,,,,,,,,,,,,,,,,,,,,,,,,,,,,,,,,
,,,,,,,,,,0.98,63.00,0.95,,,,,,,,,,,,,,1.11,63.00,0.95,,,,,,,,,,,,,,,,,,,,,,,,,,,,,,,,,,,,,,,,,,,,
,,,,,,,,,,0.98,,,,-3.97,,,,,,,,,,,,1.11,,,,,,,,,,-0.10,,,,,,,,,,,,,,,,,,,,,,,,,,,,,,,,,,,,
,,,,,,,,,,0.98,,,0.96,,,,,,,,,,,,,1.12,,,1.54,,,,,,,,,,,,,,,,,,,,,,,,,,,,,,,,,,,,,,,,,,,
,,,,,,,,,,0.99,64.00,0.96,,,,,,,,,,,,,,1.12,64.00,0.96,,,,,,,,,,,,,,,,,,,,,,,,,,,,,,,,,,,,,,,,,,,,
,,,,,,,,,,0.99,,,,-3.84,,,,,,,,,,,,1.12,,,,,,,,,,-0.31,,,,,,,,,,,,,,,,,,,,,,,,,,,,,,,,,,,,
,,,,,,,,,,1.00,,,0.90,,,,,,,,,,,,,1.13,,,1.54,,,,,,,,,,,,,,,,,,,,,,,,,,,,,,,,,,,,,,,,,,,
,,,,,,,,,,1.01,65.00,0.98,,,,,,,,,,,,,,1.13,65.00,0.98,,,,,,,,,,,,,,,,,,,,,,,,,,,,,,,,,,,,,,,,,,,,
,,,,,,,,,,1.01,,,,-4.01,,,,,,,,,,,,1.13,,,,,,,,,,-0.13,,,,,,,,,,,,,,,,,,,,,,,,,,,,,,,,,,,,
,,,,,,,,,,1.02,,,0.83,,,,,,,,,,,,,1.14,,,1.54,,,,,,,,,,,,,,,,,,,,,,,,,,,,,,,,,,,,,,,,,,,
,,,,,,,,,,1.03,66.00,0.99,,,,,,,,,,,,,,1.14,,,,,,,,,,0.03,,,,,,,,,,,,,,,,,,,,,,,,,,,,,,,,,,,,
,,,,,,,,,,1.03,,,,-4.24,,,,,,,,,,,,1.14,66.00,0.99,,,,,,,,,,,,,,,,,,,,,,,,,,,,,,,,,,,,,,,,,,,,
,,,,,,,,,,1.04,,,0.75,,,,,,,,,,,,,1.15,,,1.54,,,,,,,,,,,,,,,,,,,,,,,,,,,,,,,,,,,,,,,,,,,
,,,,,,,,,,1.05,67.00,1.00,,,,,,,,,,,,,,1.15,67.00,1.00,,,,,,,,,,,,,,,,,,,,,,,,,,,,,,,,,,,,,,,,,,,,
,,,,,,,,,,1.05,,,,-3.47,,,,,,,,,,,,1.15,,,,,,,,,,-0.21,,,,,,,,,,,,,,,,,,,,,,,,,,,,,,,,,,,,
,,,,,,,,,,1.06,,,0.67,,,,,,,,,,,,,1.16,,,1.53,,,,,,,,,,,,,,,,,,,,,,,,,,,,,,,,,,,,,,,,,,,
,,,,,,,,,,1.07,68.00,1.02,,,,,,,,,,,,,,1.16,,,,,,,,,,0.13,,,,,,,,,,,,,,,,,,,,,,,,,,,,,,,,,,,,
,,,,,,,,,,1.07,,,,-2.28,,,,,,,,,,,,1.16,68.00,1.02,,,,,,,,,,,,,,,,,,,,,,,,,,,,,,,,,,,,,,,,,,,,
,,,,,,,,,,1.08,,,0.62,,,,,,,,,,,,,1.17,,,1.54,,,,,,,,,,,,,,,,,,,,,,,,,,,,,,,,,,,,,,,,,,,
,,,,,,,,,,1.09,69.00,1.03,,,,,,,,,,,,,,1.17,,,,,,,,,,0.05,,,,,,,,,,,,,,,,,,,,,,,,,,,,,,,,,,,,
,,,,,,,,,,1.09,,,,-2.36,,,,,,,,,,,,1.17,69.00,1.03,,,,,,,,,,,,,,,,,,,,,,,,,,,,,,,,,,,,,,,,,,,,
,,,,,,,,,,1.11,,,0.56,,,,,,,,,,,,,1.18,,,1.54,,,,,,,,,,,,,,,,,,,,,,,,,,,,,,,,,,,,,,,,,,,
,,,,,,,,,,1.12,70.00,1.05,,,,,,,,,,,,,,1.18,,,,,,,,,,0.27,,,,,,,,,,,,,,,,,,,,,,,,,,,,,,,,,,,,
,,,,,,,,,,1.12,,,,-2.45,,,,,,,,,,,,1.18,70.00,1.05,,,,,,,,,,,,,,,,,,,,,,,,,,,,,,,,,,,,,,,,,,,,
,,,,,,,,,,1.14,,,0.49,,,,,,,,,,,,,1.19,,,1.54,,,,,,,,,,,,,,,,,,,,,,,,,,,,,,,,,,,,,,,,,,,
,,,,,,,,,,1.15,71.00,1.06,,,,,,,,,,,,,,1.19,71.00,1.06,,,,,,,,,,,,,,,,,,,,,,,,,,,,,,,,,,,,,,,,,,,,
,,,,,,,,,,1.15,,,,-2.51,,,,,,,,,,,,1.19,,,,,,,,,,-0.27,,,,,,,,,,,,,,,,,,,,,,,,,,,,,,,,,,,,
,,,,,,,,,,1.17,,,0.40,,,,,,,,,,,,,1.20,,,1.54,,,,,,,,,,,,,,,,,,,,,,,,,,,,,,,,,,,,,,,,,,,
,,,,,,,,,,1.19,72.00,1.08,,,,,,,,,,,,,,1.20,72.00,1.08,,,,,,,,,,,,,,,,,,,,,,,,,,,,,,,,,,,,,,,,,,,,
,,,,,,,,,,1.19,,,,-1.72,,,,,,,,,,,,1.20,,,,,,,,,,-0.27,,,,,,,,,,,,,,,,,,,,,,,,,,,,,,,,,,,,
,,,,,,,,,,1.21,,,0.33,,,,,,,,,,,,,1.21,,,1.53,,,,,,,,,,,,,,,,,,,,,,,,,,,,,,,,,,,,,,,,,,,
,,,,,,,,,,1.24,73.00,1.09,,,,,,,,,,,,,,1.21,73.00,1.09,,,,,,,,,,,,,,,,,,,,,,,,,,,,,,,,,,,,,,,,,,,,
,,,,,,,,,,1.24,,,,-0.89,,,,,,,,,,,,1.21,,,,,,,,,,-0.21,,,,,,,,,,,,,,,,,,,,,,,,,,,,,,,,,,,,
,,,,,,,,,,1.26,,,0.29,,,,,,,,,,,,,1.22,,,1.53,,,,,,,,,,,,,,,,,,,,,,,,,,,,,,,,,,,,,,,,,,,
,,,,,,,,,,1.29,74.00,1.11,,,,,,,,,,,,,,1.22,74.00,1.11,,,,,,,,,,,,,,,,,,,,,,,,,,,,,,,,,,,,,,,,,,,,
,,,,,,,,,,1.29,,,,-0.10,,,,,,,,,,,,1.22,,,,,,,,,,-0.29,,,,,,,,,,,,,,,,,,,,,,,,,,,,,,,,,,,,
,,,,,,,,,,1.31,,,0.28,,,,,,,,,,,,,1.23,,,1.53,,,,,,,,,,,,,,,,,,,,,,,,,,,,,,,,,,,,,,,,,,,
,,,,,,,,,,1.34,75.00,1.12,,,,,,,,,,,,,,1.23,75.00,1.12,,,,,,,,,,,,,,,,,,,,,,,,,,,,,,,,,,,,,,,,,,,,
,,,,,,,,,,1.34,,,,-0.05,,,,,,,,,,,,1.23,,,,,,,,,,-0.14,,,,,,,,,,,,,,,,,,,,,,,,,,,,,,,,,,,,
,,,,,,,,,,1.37,,,0.28,,,,,,,,,,,,,1.24,,,1.53,,,,,,,,,,,,,,,,,,,,,,,,,,,,,,,,,,,,,,,,,,,
,,,,,,,,,,1.39,76.00,1.14,,,,,,,,,,,,,,1.24,,,,,,,,,,0.09,,,,,,,,,,,,,,,,,,,,,,,,,,,,,,,,,,,,
,,,,,,,,,,1.40,,,,-0.07,,,,,,,,,,,,1.24,76.00,1.14,,,,,,,,,,,,,,,,,,,,,,,,,,,,,,,,,,,,,,,,,,,,
,,,,,,,,,,1.42,,,0.28,,,,,,,,,,,,,1.25,,,1.53,,,,,,,,,,,,,,,,,,,,,,,,,,,,,,,,,,,,,,,,,,,
,,,,,,,,,,1.45,77.00,1.15,,,,,,,,,,,,,,1.25,77.00,1.15,,,,,,,,,,,,,,,,,,,,,,,,,,,,,,,,,,,,,,,,,,,,
,,,,,,,,,,1.45,,,,-0.07,,,,,,,,,,,,1.25,,,,,,,,,,-0.24,,,,,,,,,,,,,,,,,,,,,,,,,,,,,,,,,,,,
,,,,,,,,,,1.48,,,0.27,,,,,,,,,,,,,1.25,,,1.53,,,,,,,,,,,,,,,,,,,,,,,,,,,,,,,,,,,,,,,,,,,
,,,,,,,,,,1.50,78.00,1.17,,,,,,,,,,,,,,1.26,,,,,,,,,,0.43,,,,,,,,,,,,,,,,,,,,,,,,,,,,,,,,,,,,
,,,,,,,,,,1.50,,,,-0.06,,,,,,,,,,,,1.26,78.00,1.17,,,,,,,,,,,,,,,,,,,,,,,,,,,,,,,,,,,,,,,,,,,,
,,,,,,,,,,1.53,,,0.27,,,,,,,,,,,,,1.26,,,1.53,,,,,,,,,,,,,,,,,,,,,,,,,,,,,,,,,,,,,,,,,,,
,,,,,,,,,,1.56,79.00,1.18,,,,,,,,,,,,,,1.27,79.00,1.18,,,,,,,,,,,,,,,,,,,,,,,,,,,,,,,,,,,,,,,,,,,,
,,,,,,,,,,1.56,,,,-0.04,,,,,,,,,,,,1.27,,,,,,,,,,-0.36,,,,,,,,,,,,,,,,,,,,,,,,,,,,,,,,,,,,
,,,,,,,,,,1.59,,,0.27,,,,,,,,,,,,,1.27,,,1.53,,,,,,,,,,,,,,,,,,,,,,,,,,,,,,,,,,,,,,,,,,,
,,,,,,,,,,1.62,80.00,1.20,,,,,,,,,,,,,,1.28,,,,,,,,,,0.38,,,,,,,,,,,,,,,,,,,,,,,,,,,,,,,,,,,,
,,,,,,,,,,1.62,,,,-0.01,,,,,,,,,,,,1.28,80.00,1.20,,,,,,,,,,,,,,,,,,,,,,,,,,,,,,,,,,,,,,,,,,,,
,,,,,,,,,,1.65,,,0.27,,,,,,,,,,,,,1.28,,,1.53,,,,,,,,,,,,,,,,,,,,,,,,,,,,,,,,,,,,,,,,,,,
,,,,,,,,,,1.67,81.00,1.21,,6.98E-14,,,,,,,,,,,,1.29,81.00,1.21,,,,,,,,,,,,,,,,,,,,,,,,,,,,,,,,,,,,,,,,,,,,
,,,,,,,,,,1.70,,,0.27,,,,,,,,,,,,,1.29,,,,,,,,,,-0.27,,,,,,,,,,,,,,,,,,,,,,,,,,,,,,,,,,,,
,,,,,,,,,,1.73,,,,0.02,,,,,,,,,,,,1.29,,,1.53,,,,,,,,,,,,,,,,,,,,,,,,,,,,,,,,,,,,,,,,,,,
,,,,,,,,,,1.73,82.00,1.23,,,,,,,,,,,,,,1.30,82.00,1.23,,,,,,,,,,,,,,,,,,,,,,,,,,,,,,,,,,,,,,,,,,,,
,,,,,,,,,,1.76,,,0.27,,,,,,,,,,,,,1.30,,,,,,,,,,-0.19,,,,,,,,,,,,,,,,,,,,,,,,,,,,,,,,,,,,
,,,,,,,,,,1.79,83.00,1.24,,,,,,,,,,,,,,1.30,,,1.53,,,,,,,,,,,,,,,,,,,,,,,,,,,,,,,,,,,,,,,,,,,
,,,,,,,,,,1.79,,,,-0.01,,,,,,,,,,,,1.31,83.00,1.24,,,,,,,,,,,,,,,,,,,,,,,,,,,,,,,,,,,,,,,,,,,,
,,,,,,,,,,1.81,,,0.27,,,,,,,,,,,,,1.31,,,,,,,,,,-0.28,,,,,,,,,,,,,,,,,,,,,,,,,,,,,,,,,,,,
,,,,,,,,,,1.84,84.00,1.26,,,,,,,,,,,,,,1.31,,,1.52,,,,,,,,,,,,,,,,,,,,,,,,,,,,,,,,,,,,,,,,,,,
,,,,,,,,,,1.84,,,,-0.01,,,,,,,,,,,,1.32,84.00,1.26,,,,,,,,,,,,,,,,,,,,,,,,,,,,,,,,,,,,,,,,,,,,
,,,,,,,,,,1.87,,,0.27,,,,,,,,,,,,,1.32,,,,,,,,,,-0.22,,,,,,,,,,,,,,,,,,,,,,,,,,,,,,,,,,,,
,,,,,,,,,,1.90,85.00,1.27,,,,,,,,,,,,,,1.32,,,1.52,,,,,,,,,,,,,,,,,,,,,,,,,,,,,,,,,,,,,,,,,,,
,,,,,,,,,,1.90,,,,-0.05,,,,,,,,,,,,1.33,85.00,1.27,,,,,,,,,,,,,,,,,,,,,,,,,,,,,,,,,,,,,,,,,,,,
,,,,,,,,,,1.93,,,0.26,,,,,,,,,,,,,1.33,,,,,,,,,,-0.16,,,,,,,,,,,,,,,,,,,,,,,,,,,,,,,,,,,,
,,,,,,,,,,1.96,86.00,1.29,,,,,,,,,,,,,,1.33,,,1.52,,,,,,,,,,,,,,,,,,,,,,,,,,,,,,,,,,,,,,,,,,,
,,,,,,,,,,1.96,,,,-0.07,,,,,,,,,,,,1.34,,,,,,,,,,0.08,,,,,,,,,,,,,,,,,,,,,,,,,,,,,,,,,,,,
,,,,,,,,,,1.99,,,0.26,,,,,,,,,,,,,1.34,86.00,1.29,,,,,,,,,,,,,,,,,,,,,,,,,,,,,,,,,,,,,,,,,,,,
,,,,,,,,,,2.01,87.00,1.30,,,,,,,,,,,,,,1.34,,,1.52,,,,,,,,,,,,,,,,,,,,,,,,,,,,,,,,,,,,,,,,,,,
,,,,,,,,,,2.01,,,,-0.07,,,,,,,,,,,,1.35,87.00,1.30,,,,,,,,,,,,,,,,,,,,,,,,,,,,,,,,,,,,,,,,,,,,
,,,,,,,,,,2.04,,,0.25,,,,,,,,,,,,,1.35,,,,,,,,,,-0.17,,,,,,,,,,,,,,,,,,,,,,,,,,,,,,,,,,,,
,,,,,,,,,,2.07,88.00,1.32,,,,,,,,,,,,,,1.35,,,1.52,,,,,,,,,,,,,,,,,,,,,,,,,,,,,,,,,,,,,,,,,,,
,,,,,,,,,,2.07,,,,-0.06,,,,,,,,,,,,1.36,,,,,,,,,,0.19,,,,,,,,,,,,,,,,,,,,,,,,,,,,,,,,,,,,
,,,,,,,,,,2.10,,,0.25,,,,,,,,,,,,,1.36,88.00,1.32,,,,,,,,,,,,,,,,,,,,,,,,,,,,,,,,,,,,,,,,,,,,
,,,,,,,,,,2.13,89.00,1.33,,,,,,,,,,,,,,1.36,,,1.52,,,,,,,,,,,,,,,,,,,,,,,,,,,,,,,,,,,,,,,,,,,
,,,,,,,,,,2.13,,,,-0.04,,,,,,,,,,,,1.37,89.00,1.33,,,,,,,,,,,,,,,,,,,,,,,,,,,,,,,,,,,,,,,,,,,,
,,,,,,,,,,2.16,,,0.25,,,,,,,,,,,,,1.37,,,,,,,,,,-0.14,,,,,,,,,,,,,,,,,,,,,,,,,,,,,,,,,,,,
,,,,,,,,,,2.19,90.00,1.35,,,,,,,,,,,,,,1.37,,,1.52,,,,,,,,,,,,,,,,,,,,,,,,,,,,,,,,,,,,,,,,,,,
,,,,,,,,,,2.19,,,,-0.01,,,,,,,,,,,,1.38,,,,,,,,,,0.33,,,,,,,,,,,,,,,,,,,,,,,,,,,,,,,,,,,,
,,,,,,,,,,2.22,,,0.25,,,,,,,,,,,,,1.38,90.00,1.35,,,,,,,,,,,,,,,,,,,,,,,,,,,,,,,,,,,,,,,,,,,,
,,,,,,,,,,2.25,91.00,1.36,,,,,,,,,,,,,,1.38,,,1.52,,,,,,,,,,,,,,,,,,,,,,,,,,,,,,,,,,,,,,,,,,,
,,,,,,,,,,,,,,,,,,,,,,,,,,1.39,91.00,1.36,,,,,,,,,,,,,,,,,,,,,,,,,,,,,,,,,,,,,,,,,,,,
,,,,,,,,,,,,,,,,,,,,,,,,,,1.39,,,,,,,,,,-0.25,,,,,,,,,,,,,,,,,,,,,,,,,,,,,,,,,,,,
,,,,,,,,,,,,,,,,,,,,,,,,,,1.39,,,1.52,,,,,,,,,,,,,,,,,,,,,,,,,,,,,,,,,,,,,,,,,,,
,,,,,,,,,,,,,,,,,,,,,,,,,,1.40,92.00,1.38,,,,,,,,,,,,,,,,,,,,,,,,,,,,,,,,,,,,,,,,,,,,
,,,,,,,,,,,,,,,,,,,,,,,,,,1.40,,,,,,,,,,-0.22,,,,,,,,,,,,,,,,,,,,,,,,,,,,,,,,,,,,
,,,,,,,,,,,,,,,,,,,,,,,,,,1.40,,,1.52,,,,,,,,,,,,,,,,,,,,,,,,,,,,,,,,,,,,,,,,,,,
,,,,,,,,,,,,,,,,,,,,,,,,,,1.41,93.00,1.39,,,,,,,,,,,,,,,,,,,,,,,,,,,,,,,,,,,,,,,,,,,,
,,,,,,,,,,,,,,,,,,,,,,,,,,1.41,,,,,,,,,,-0.25,,,,,,,,,,,,,,,,,,,,,,,,,,,,,,,,,,,,
,,,,,,,,,,,,,,,,,,,,,,,,,,1.41,,,1.51,,,,,,,,,,,,,,,,,,,,,,,,,,,,,,,,,,,,,,,,,,,
,,,,,,,,,,,,,,,,,,,,,,,,,,1.42,94.00,1.41,,,,,,,,,,,,,,,,,,,,,,,,,,,,,,,,,,,,,,,,,,,,
,,,,,,,,,,,,,,,,,,,,,,,,,,1.42,,,,,,,,,,-0.23,,,,,,,,,,,,,,,,,,,,,,,,,,,,,,,,,,,,
,,,,,,,,,,,,,,,,,,,,,,,,,,1.42,,,1.51,,,,,,,,,,,,,,,,,,,,,,,,,,,,,,,,,,,,,,,,,,,
,,,,,,,,,,,,,,,,,,,,,,,,,,1.43,95.00,1.42,,,,,,,,,,,,,,,,,,,,,,,,,,,,,,,,,,,,,,,,,,,,
,,,,,,,,,,,,,,,,,,,,,,,,,,1.43,,,,,,,,,,-0.14,,,,,,,,,,,,,,,,,,,,,,,,,,,,,,,,,,,,
,,,,,,,,,,,,,,,,,,,,,,,,,,1.43,,,1.51,,,,,,,,,,,,,,,,,,,,,,,,,,,,,,,,,,,,,,,,,,,
,,,,,,,,,,,,,,,,,,,,,,,,,,1.44,,,,,,,,,,0.06,,,,,,,,,,,,,,,,,,,,,,,,,,,,,,,,,,,,
,,,,,,,,,,,,,,,,,,,,,,,,,,1.44,96.00,1.44,,,,,,,,,,,,,,,,,,,,,,,,,,,,,,,,,,,,,,,,,,,,
,,,,,,,,,,,,,,,,,,,,,,,,,,1.44,,,1.51,,,,,,,,,,,,,,,,,,,,,,,,,,,,,,,,,,,,,,,,,,,
,,,,,,,,,,,,,,,,,,,,,,,,,,1.45,97.00,1.45,,,,,,,,,,,,,,,,,,,,,,,,,,,,,,,,,,,,,,,,,,,,
,,,,,,,,,,,,,,,,,,,,,,,,,,1.45,,,,,,,,,,-0.15,,,,,,,,,,,,,,,,,,,,,,,,,,,,,,,,,,,,
,,,,,,,,,,,,,,,,,,,,,,,,,,1.45,,,1.51,,,,,,,,,,,,,,,,,,,,,,,,,,,,,,,,,,,,,,,,,,,
,,,,,,,,,,,,,,,,,,,,,,,,,,1.46,,,,,,,,,,0.18,,,,,,,,,,,,,,,,,,,,,,,,,,,,,,,,,,,,
,,,,,,,,,,,,,,,,,,,,,,,,,,1.46,98.00,1.47,,,,,,,,,,,,,,,,,,,,,,,,,,,,,,,,,,,,,,,,,,,,
,,,,,,,,,,,,,,,,,,,,,,,,,,1.46,,,1.51,,,,,,,,,,,,,,,,,,,,,,,,,,,,,,,,,,,,,,,,,,,
,,,,,,,,,,,,,,,,,,,,,,,,,,1.47,99.00,1.48,,,,,,,,,,,,,,,,,,,,,,,,,,,,,,,,,,,,,,,,,,,,
,,,,,,,,,,,,,,,,,,,,,,,,,,1.47,,,,,,,,,,-0.15,,,,,,,,,,,,,,,,,,,,,,,,,,,,,,,,,,,,
,,,,,,,,,,,,,,,,,,,,,,,,,,1.47,,,1.51,,,,,,,,,,,,,,,,,,,,,,,,,,,,,,,,,,,,,,,,,,,
,,,,,,,,,,,,,,,,,,,,,,,,,,1.48,,,,,,,,,,0.35,,,,,,,,,,,,,,,,,,,,,,,,,,,,,,,,,,,,
,,,,,,,,,,,,,,,,,,,,,,,,,,1.48,100.00,1.50,,,,,,,,,,,,,,,,,,,,,,,,,,,,,,,,,,,,,,,,,,,,
,,,,,,,,,,,,,,,,,,,,,,,,,,1.48,,,1.51,,,,,,,,,,,,,,,,,,,,,,,,,,,,,,,,,,,,,,,,,,,
,,,,,,,,,,,,,,,,,,,,,,,,,,1.49,101.00,1.51,,,,,,,,,,,,,,,,,,,,,,,,,,,,,,,,,,,,,,,,,,,,
,,,,,,,,,,,,,,,,,,,,,,,,,,1.49,,,,,,,,,,-0.29,,,,,,,,,,,,,,,,,,,,,,,,,,,,,,,,,,,,
,,,,,,,,,,,,,,,,,,,,,,,,,,1.49,,,1.51,,,,,,,,,,,,,,,,,,,,,,,,,,,,,,,,,,,,,,,,,,,
,,,,,,,,,,,,,,,,,,,,,,,,,,1.50,102.00,1.53,,,,,,,,,,,,,,,,,,,,,,,,,,,,,,,,,,,,,,,,,,,,
,,,,,,,,,,,,,,,,,,,,,,,,,,1.50,,,,,,,,,,-0.20,,,,,,,,,,,,,,,,,,,,,,,,,,,,,,,,,,,,
,,,,,,,,,,,,,,,,,,,,,,,,,,1.50,,,1.51,,,,,,,,,,,,,,,,,,,,,,,,,,,,,,,,,,,,,,,,,,,
,,,,,,,,,,,,,,,,,,,,,,,,,,1.51,103.00,1.54,,,,,,,,,,,,,,,,,,,,,,,,,,,,,,,,,,,,,,,,,,,,
,,,,,,,,,,,,,,,,,,,,,,,,,,1.51,,,,,,,,,,-0.24,,,,,,,,,,,,,,,,,,,,,,,,,,,,,,,,,,,,
,,,,,,,,,,,,,,,,,,,,,,,,,,1.51,,,1.51,,,,,,,,,,,,,,,,,,,,,,,,,,,,,,,,,,,,,,,,,,,
,,,,,,,,,,,,,,,,,,,,,,,,,,1.52,104.00,1.56,,,,,,,,,,,,,,,,,,,,,,,,,,,,,,,,,,,,,,,,,,,,
,,,,,,,,,,,,,,,,,,,,,,,,,,1.52,,,,,,,,,,-0.23,,,,,,,,,,,,,,,,,,,,,,,,,,,,,,,,,,,,
,,,,,,,,,,,,,,,,,,,,,,,,,,1.52,,,1.50,,,,,,,,,,,,,,,,,,,,,,,,,,,,,,,,,,,,,,,,,,,
,,,,,,,,,,,,,,,,,,,,,,,,,,1.53,105.00,1.57,,,,,,,,,,,,,,,,,,,,,,,,,,,,,,,,,,,,,,,,,,,,
,,,,,,,,,,,,,,,,,,,,,,,,,,1.53,,,,,,,,,,-0.12,,,,,,,,,,,,,,,,,,,,,,,,,,,,,,,,,,,,
,,,,,,,,,,,,,,,,,,,,,,,,,,1.53,,,1.50,,,,,,,,,,,,,,,,,,,,,,,,,,,,,,,,,,,,,,,,,,,
,,,,,,,,,,,,,,,,,,,,,,,,,,1.54,,,,,,,,,,0.02,,,,,,,,,,,,,,,,,,,,,,,,,,,,,,,,,,,,
,,,,,,,,,,,,,,,,,,,,,,,,,,1.54,106.00,1.59,,,,,,,,,,,,,,,,,,,,,,,,,,,,,,,,,,,,,,,,,,,,
,,,,,,,,,,,,,,,,,,,,,,,,,,1.54,,,1.50,,,,,,,,,,,,,,,,,,,,,,,,,,,,,,,,,,,,,,,,,,,
,,,,,,,,,,,,,,,,,,,,,,,,,,1.55,107.00,1.60,,,,,,,,,,,,,,,,,,,,,,,,,,,,,,,,,,,,,,,,,,,,
,,,,,,,,,,,,,,,,,,,,,,,,,,1.55,,,,,,,,,,-0.15,,,,,,,,,,,,,,,,,,,,,,,,,,,,,,,,,,,,
,,,,,,,,,,,,,,,,,,,,,,,,,,1.55,,,1.50,,,,,,,,,,,,,,,,,,,,,,,,,,,,,,,,,,,,,,,,,,,
,,,,,,,,,,,,,,,,,,,,,,,,,,1.56,,,,,,,,,,0.24,,,,,,,,,,,,,,,,,,,,,,,,,,,,,,,,,,,,
,,,,,,,,,,,,,,,,,,,,,,,,,,1.56,108.00,1.62,,,,,,,,,,,,,,,,,,,,,,,,,,,,,,,,,,,,,,,,,,,,
,,,,,,,,,,,,,,,,,,,,,,,,,,1.56,,,1.50,,,,,,,,,,,,,,,,,,,,,,,,,,,,,,,,,,,,,,,,,,,
,,,,,,,,,,,,,,,,,,,,,,,,,,1.57,109.00,1.63,,,,,,,,,,,,,,,,,,,,,,,,,,,,,,,,,,,,,,,,,,,,
,,,,,,,,,,,,,,,,,,,,,,,,,,1.57,,,,,,,,,,-0.21,,,,,,,,,,,,,,,,,,,,,,,,,,,,,,,,,,,,
,,,,,,,,,,,,,,,,,,,,,,,,,,1.57,,,1.50,,,,,,,,,,,,,,,,,,,,,,,,,,,,,,,,,,,,,,,,,,,
,,,,,,,,,,,,,,,,,,,,,,,,,,1.58,,,,,,,,,,0.33,,,,,,,,,,,,,,,,,,,,,,,,,,,,,,,,,,,,
,,,,,,,,,,,,,,,,,,,,,,,,,,1.58,110.00,1.65,,,,,,,,,,,,,,,,,,,,,,,,,,,,,,,,,,,,,,,,,,,,
,,,,,,,,,,,,,,,,,,,,,,,,,,1.58,,,1.51,,,,,,,,,,,,,,,,,,,,,,,,,,,,,,,,,,,,,,,,,,,
,,,,,,,,,,,,,,,,,,,,,,,,,,1.59,111.00,1.66,,,,,,,,,,,,,,,,,,,,,,,,,,,,,,,,,,,,,,,,,,,,
,,,,,,,,,,,,,,,,,,,,,,,,,,1.59,,,,,,,,,,-0.24,,,,,,,,,,,,,,,,,,,,,,,,,,,,,,,,,,,,
,,,,,,,,,,,,,,,,,,,,,,,,,,1.59,,,1.50,,,,,,,,,,,,,,,,,,,,,,,,,,,,,,,,,,,,,,,,,,,
,,,,,,,,,,,,,,,,,,,,,,,,,,1.60,112.00,1.68,,,,,,,,,,,,,,,,,,,,,,,,,,,,,,,,,,,,,,,,,,,,
,,,,,,,,,,,,,,,,,,,,,,,,,,1.60,,,,,,,,,,-0.21,,,,,,,,,,,,,,,,,,,,,,,,,,,,,,,,,,,,
,,,,,,,,,,,,,,,,,,,,,,,,,,1.60,,,1.50,,,,,,,,,,,,,,,,,,,,,,,,,,,,,,,,,,,,,,,,,,,
,,,,,,,,,,,,,,,,,,,,,,,,,,1.61,113.00,1.69,,,,,,,,,,,,,,,,,,,,,,,,,,,,,,,,,,,,,,,,,,,,
,,,,,,,,,,,,,,,,,,,,,,,,,,1.61,,,,,,,,,,-0.25,,,,,,,,,,,,,,,,,,,,,,,,,,,,,,,,,,,,
,,,,,,,,,,,,,,,,,,,,,,,,,,1.61,,,1.50,,,,,,,,,,,,,,,,,,,,,,,,,,,,,,,,,,,,,,,,,,,
,,,,,,,,,,,,,,,,,,,,,,,,,,1.62,114.00,1.71,,,,,,,,,,,,,,,,,,,,,,,,,,,,,,,,,,,,,,,,,,,,
,,,,,,,,,,,,,,,,,,,,,,,,,,1.62,,,,,,,,,,-0.21,,,,,,,,,,,,,,,,,,,,,,,,,,,,,,,,,,,,
,,,,,,,,,,,,,,,,,,,,,,,,,,1.62,,,1.50,,,,,,,,,,,,,,,,,,,,,,,,,,,,,,,,,,,,,,,,,,,
,,,,,,,,,,,,,,,,,,,,,,,,,,1.63,115.00,1.72,,,,,,,,,,,,,,,,,,,,,,,,,,,,,,,,,,,,,,,,,,,,
,,,,,,,,,,,,,,,,,,,,,,,,,,1.63,,,,,,,,,,-0.15,,,,,,,,,,,,,,,,,,,,,,,,,,,,,,,,,,,,
,,,,,,,,,,,,,,,,,,,,,,,,,,1.63,,,1.49,,,,,,,,,,,,,,,,,,,,,,,,,,,,,,,,,,,,,,,,,,,
,,,,,,,,,,,,,,,,,,,,,,,,,,1.64,,,,,,,,,,0.07,,,,,,,,,,,,,,,,,,,,,,,,,,,,,,,,,,,,
,,,,,,,,,,,,,,,,,,,,,,,,,,1.64,116.00,1.74,,,,,,,,,,,,,,,,,,,,,,,,,,,,,,,,,,,,,,,,,,,,
,,,,,,,,,,,,,,,,,,,,,,,,,,1.64,,,1.50,,,,,,,,,,,,,,,,,,,,,,,,,,,,,,,,,,,,,,,,,,,
,,,,,,,,,,,,,,,,,,,,,,,,,,1.65,117.00,1.75,,,,,,,,,,,,,,,,,,,,,,,,,,,,,,,,,,,,,,,,,,,,
,,,,,,,,,,,,,,,,,,,,,,,,,,1.65,,,,,,,,,,-0.19,,,,,,,,,,,,,,,,,,,,,,,,,,,,,,,,,,,,
,,,,,,,,,,,,,,,,,,,,,,,,,,1.65,,,1.49,,,,,,,,,,,,,,,,,,,,,,,,,,,,,,,,,,,,,,,,,,,
,,,,,,,,,,,,,,,,,,,,,,,,,,1.66,,,,,,,,,,0.24,,,,,,,,,,,,,,,,,,,,,,,,,,,,,,,,,,,,
,,,,,,,,,,,,,,,,,,,,,,,,,,1.66,118.00,1.77,,,,,,,,,,,,,,,,,,,,,,,,,,,,,,,,,,,,,,,,,,,,
,,,,,,,,,,,,,,,,,,,,,,,,,,1.66,,,1.50,,,,,,,,,,,,,,,,,,,,,,,,,,,,,,,,,,,,,,,,,,,
,,,,,,,,,,,,,,,,,,,,,,,,,,1.67,119.00,1.78,,,,,,,,,,,,,,,,,,,,,,,,,,,,,,,,,,,,,,,,,,,,
,,,,,,,,,,,,,,,,,,,,,,,,,,1.67,,,,,,,,,,-0.21,,,,,,,,,,,,,,,,,,,,,,,,,,,,,,,,,,,,
,,,,,,,,,,,,,,,,,,,,,,,,,,1.67,,,1.49,,,,,,,,,,,,,,,,,,,,,,,,,,,,,,,,,,,,,,,,,,,
,,,,,,,,,,,,,,,,,,,,,,,,,,1.68,,,,,,,,,,0.34,,,,,,,,,,,,,,,,,,,,,,,,,,,,,,,,,,,,
,,,,,,,,,,,,,,,,,,,,,,,,,,1.68,120.00,1.80,,,,,,,,,,,,,,,,,,,,,,,,,,,,,,,,,,,,,,,,,,,,
,,,,,,,,,,,,,,,,,,,,,,,,,,1.68,,,1.50,,,,,,,,,,,,,,,,,,,,,,,,,,,,,,,,,,,,,,,,,,,
,,,,,,,,,,,,,,,,,,,,,,,,,,1.69,121.00,1.81,,,,,,,,,,,,,,,,,,,,,,,,,,,,,,,,,,,,,,,,,,,,
,,,,,,,,,,,,,,,,,,,,,,,,,,1.69,,,,,,,,,,-0.24,,,,,,,,,,,,,,,,,,,,,,,,,,,,,,,,,,,,
,,,,,,,,,,,,,,,,,,,,,,,,,,1.69,,,1.49,,,,,,,,,,,,,,,,,,,,,,,,,,,,,,,,,,,,,,,,,,,
,,,,,,,,,,,,,,,,,,,,,,,,,,1.70,122.00,1.83,,,,,,,,,,,,,,,,,,,,,,,,,,,,,,,,,,,,,,,,,,,,
,,,,,,,,,,,,,,,,,,,,,,,,,,1.70,,,,,,,,,,-0.21,,,,,,,,,,,,,,,,,,,,,,,,,,,,,,,,,,,,
,,,,,,,,,,,,,,,,,,,,,,,,,,1.70,,,1.49,,,,,,,,,,,,,,,,,,,,,,,,,,,,,,,,,,,,,,,,,,,
,,,,,,,,,,,,,,,,,,,,,,,,,,1.71,123.00,1.84,,,,,,,,,,,,,,,,,,,,,,,,,,,,,,,,,,,,,,,,,,,,
,,,,,,,,,,,,,,,,,,,,,,,,,,1.71,,,,,,,,,,-0.27,,,,,,,,,,,,,,,,,,,,,,,,,,,,,,,,,,,,
,,,,,,,,,,,,,,,,,,,,,,,,,,1.71,,,1.49,,,,,,,,,,,,,,,,,,,,,,,,,,,,,,,,,,,,,,,,,,,
,,,,,,,,,,,,,,,,,,,,,,,,,,1.72,124.00,1.86,,,,,,,,,,,,,,,,,,,,,,,,,,,,,,,,,,,,,,,,,,,,
,,,,,,,,,,,,,,,,,,,,,,,,,,1.72,,,,,,,,,,-0.21,,,,,,,,,,,,,,,,,,,,,,,,,,,,,,,,,,,,
,,,,,,,,,,,,,,,,,,,,,,,,,,1.72,,,1.49,,,,,,,,,,,,,,,,,,,,,,,,,,,,,,,,,,,,,,,,,,,
,,,,,,,,,,,,,,,,,,,,,,,,,,1.73,125.00,1.87,,,,,,,,,,,,,,,,,,,,,,,,,,,,,,,,,,,,,,,,,,,,
,,,,,,,,,,,,,,,,,,,,,,,,,,1.73,,,,,,,,,,-0.13,,,,,,,,,,,,,,,,,,,,,,,,,,,,,,,,,,,,
,,,,,,,,,,,,,,,,,,,,,,,,,,1.73,,,1.49,,,,,,,,,,,,,,,,,,,,,,,,,,,,,,,,,,,,,,,,,,,
,,,,,,,,,,,,,,,,,,,,,,,,,,1.74,,,,,,,,,,0.04,,,,,,,,,,,,,,,,,,,,,,,,,,,,,,,,,,,,
,,,,,,,,,,,,,,,,,,,,,,,,,,1.74,126.00,1.89,,,,,,,,,,,,,,,,,,,,,,,,,,,,,,,,,,,,,,,,,,,,
,,,,,,,,,,,,,,,,,,,,,,,,,,1.74,,,1.49,,,,,,,,,,,,,,,,,,,,,,,,,,,,,,,,,,,,,,,,,,,
,,,,,,,,,,,,,,,,,,,,,,,,,,1.75,127.00,1.90,,,,,,,,,,,,,,,,,,,,,,,,,,,,,,,,,,,,,,,,,,,,
,,,,,,,,,,,,,,,,,,,,,,,,,,1.75,,,,,,,,,,-0.16,,,,,,,,,,,,,,,,,,,,,,,,,,,,,,,,,,,,
,,,,,,,,,,,,,,,,,,,,,,,,,,1.75,,,1.49,,,,,,,,,,,,,,,,,,,,,,,,,,,,,,,,,,,,,,,,,,,
,,,,,,,,,,,,,,,,,,,,,,,,,,1.76,,,,,,,,,,0.20,,,,,,,,,,,,,,,,,,,,,,,,,,,,,,,,,,,,
,,,,,,,,,,,,,,,,,,,,,,,,,,1.76,128.00,1.92,,,,,,,,,,,,,,,,,,,,,,,,,,,,,,,,,,,,,,,,,,,,
,,,,,,,,,,,,,,,,,,,,,,,,,,1.76,,,1.49,,,,,,,,,,,,,,,,,,,,,,,,,,,,,,,,,,,,,,,,,,,
,,,,,,,,,,,,,,,,,,,,,,,,,,1.77,129.00,1.93,,,,,,,,,,,,,,,,,,,,,,,,,,,,,,,,,,,,,,,,,,,,
,,,,,,,,,,,,,,,,,,,,,,,,,,1.77,,,,,,,,,,-0.18,,,,,,,,,,,,,,,,,,,,,,,,,,,,,,,,,,,,
,,,,,,,,,,,,,,,,,,,,,,,,,,1.77,,,1.49,,,,,,,,,,,,,,,,,,,,,,,,,,,,,,,,,,,,,,,,,,,
,,,,,,,,,,,,,,,,,,,,,,,,,,1.78,,,,,,,,,,0.37,,,,,,,,,,,,,,,,,,,,,,,,,,,,,,,,,,,,
,,,,,,,,,,,,,,,,,,,,,,,,,,1.78,130.00,1.95,,,,,,,,,,,,,,,,,,,,,,,,,,,,,,,,,,,,,,,,,,,,
,,,,,,,,,,,,,,,,,,,,,,,,,,1.78,,,1.49,,,,,,,,,,,,,,,,,,,,,,,,,,,,,,,,,,,,,,,,,,,
,,,,,,,,,,,,,,,,,,,,,,,,,,1.79,131.00,1.96,,,,,,,,,,,,,,,,,,,,,,,,,,,,,,,,,,,,,,,,,,,,
,,,,,,,,,,,,,,,,,,,,,,,,,,1.79,,,,,,,,,,-0.28,,,,,,,,,,,,,,,,,,,,,,,,,,,,,,,,,,,,
,,,,,,,,,,,,,,,,,,,,,,,,,,1.79,,,1.49,,,,,,,,,,,,,,,,,,,,,,,,,,,,,,,,,,,,,,,,,,,
,,,,,,,,,,,,,,,,,,,,,,,,,,1.80,132.00,1.98,,,,,,,,,,,,,,,,,,,,,,,,,,,,,,,,,,,,,,,,,,,,
,,,,,,,,,,,,,,,,,,,,,,,,,,1.80,,,,,,,,,,-0.22,,,,,,,,,,,,,,,,,,,,,,,,,,,,,,,,,,,,
,,,,,,,,,,,,,,,,,,,,,,,,,,1.80,,,1.48,,,,,,,,,,,,,,,,,,,,,,,,,,,,,,,,,,,,,,,,,,,
,,,,,,,,,,,,,,,,,,,,,,,,,,1.81,133.00,1.99,,,,,,,,,,,,,,,,,,,,,,,,,,,,,,,,,,,,,,,,,,,,
,,,,,,,,,,,,,,,,,,,,,,,,,,1.81,,,,,,,,,,-0.22,,,,,,,,,,,,,,,,,,,,,,,,,,,,,,,,,,,,
,,,,,,,,,,,,,,,,,,,,,,,,,,1.81,,,1.48,,,,,,,,,,,,,,,,,,,,,,,,,,,,,,,,,,,,,,,,,,,
,,,,,,,,,,,,,,,,,,,,,,,,,,1.82,134.00,2.01,,,,,,,,,,,,,,,,,,,,,,,,,,,,,,,,,,,,,,,,,,,,
,,,,,,,,,,,,,,,,,,,,,,,,,,1.82,,,,,,,,,,-0.22,,,,,,,,,,,,,,,,,,,,,,,,,,,,,,,,,,,,
,,,,,,,,,,,,,,,,,,,,,,,,,,1.82,,,1.48,,,,,,,,,,,,,,,,,,,,,,,,,,,,,,,,,,,,,,,,,,,
,,,,,,,,,,,,,,,,,,,,,,,,,,1.83,135.00,2.02,,,,,,,,,,,,,,,,,,,,,,,,,,,,,,,,,,,,,,,,,,,,
,,,,,,,,,,,,,,,,,,,,,,,,,,1.83,,,,,,,,,,-0.14,,,,,,,,,,,,,,,,,,,,,,,,,,,,,,,,,,,,
,,,,,,,,,,,,,,,,,,,,,,,,,,1.83,,,1.48,,,,,,,,,,,,,,,,,,,,,,,,,,,,,,,,,,,,,,,,,,,
,,,,,,,,,,,,,,,,,,,,,,,,,,1.84,,,,,,,,,,0.04,,,,,,,,,,,,,,,,,,,,,,,,,,,,,,,,,,,,
,,,,,,,,,,,,,,,,,,,,,,,,,,1.84,136.00,2.04,,,,,,,,,,,,,,,,,,,,,,,,,,,,,,,,,,,,,,,,,,,,
,,,,,,,,,,,,,,,,,,,,,,,,,,1.84,,,1.48,,,,,,,,,,,,,,,,,,,,,,,,,,,,,,,,,,,,,,,,,,,
,,,,,,,,,,,,,,,,,,,,,,,,,,1.85,137.00,2.05,,,,,,,,,,,,,,,,,,,,,,,,,,,,,,,,,,,,,,,,,,,,
,,,,,,,,,,,,,,,,,,,,,,,,,,1.85,,,,,,,,,,-0.17,,,,,,,,,,,,,,,,,,,,,,,,,,,,,,,,,,,,
,,,,,,,,,,,,,,,,,,,,,,,,,,1.85,,,1.48,,,,,,,,,,,,,,,,,,,,,,,,,,,,,,,,,,,,,,,,,,,
,,,,,,,,,,,,,,,,,,,,,,,,,,1.86,,,,,,,,,,0.23,,,,,,,,,,,,,,,,,,,,,,,,,,,,,,,,,,,,
,,,,,,,,,,,,,,,,,,,,,,,,,,1.86,138.00,2.07,,,,,,,,,,,,,,,,,,,,,,,,,,,,,,,,,,,,,,,,,,,,
,,,,,,,,,,,,,,,,,,,,,,,,,,1.86,,,1.48,,,,,,,,,,,,,,,,,,,,,,,,,,,,,,,,,,,,,,,,,,,
,,,,,,,,,,,,,,,,,,,,,,,,,,1.87,139.00,2.08,,,,,,,,,,,,,,,,,,,,,,,,,,,,,,,,,,,,,,,,,,,,
,,,,,,,,,,,,,,,,,,,,,,,,,,1.87,,,,,,,,,,-0.20,,,,,,,,,,,,,,,,,,,,,,,,,,,,,,,,,,,,
,,,,,,,,,,,,,,,,,,,,,,,,,,1.87,,,1.48,,,,,,,,,,,,,,,,,,,,,,,,,,,,,,,,,,,,,,,,,,,
,,,,,,,,,,,,,,,,,,,,,,,,,,1.88,,,,,,,,,,0.36,,,,,,,,,,,,,,,,,,,,,,,,,,,,,,,,,,,,
,,,,,,,,,,,,,,,,,,,,,,,,,,1.88,140.00,2.10,,,,,,,,,,,,,,,,,,,,,,,,,,,,,,,,,,,,,,,,,,,,
,,,,,,,,,,,,,,,,,,,,,,,,,,1.88,,,1.48,,,,,,,,,,,,,,,,,,,,,,,,,,,,,,,,,,,,,,,,,,,
,,,,,,,,,,,,,,,,,,,,,,,,,,1.89,141.00,2.11,,,,,,,,,,,,,,,,,,,,,,,,,,,,,,,,,,,,,,,,,,,,
,,,,,,,,,,,,,,,,,,,,,,,,,,1.89,,,,,,,,,,-0.29,,,,,,,,,,,,,,,,,,,,,,,,,,,,,,,,,,,,
,,,,,,,,,,,,,,,,,,,,,,,,,,1.89,,,1.48,,,,,,,,,,,,,,,,,,,,,,,,,,,,,,,,,,,,,,,,,,,
,,,,,,,,,,,,,,,,,,,,,,,,,,1.90,142.00,2.13,,,,,,,,,,,,,,,,,,,,,,,,,,,,,,,,,,,,,,,,,,,,
,,,,,,,,,,,,,,,,,,,,,,,,,,1.90,,,,,,,,,,-0.17,,,,,,,,,,,,,,,,,,,,,,,,,,,,,,,,,,,,
,,,,,,,,,,,,,,,,,,,,,,,,,,1.90,,,1.48,,,,,,,,,,,,,,,,,,,,,,,,,,,,,,,,,,,,,,,,,,,
,,,,,,,,,,,,,,,,,,,,,,,,,,1.91,143.00,2.14,,,,,,,,,,,,,,,,,,,,,,,,,,,,,,,,,,,,,,,,,,,,
,,,,,,,,,,,,,,,,,,,,,,,,,,1.91,,,,,,,,,,-0.24,,,,,,,,,,,,,,,,,,,,,,,,,,,,,,,,,,,,
,,,,,,,,,,,,,,,,,,,,,,,,,,1.91,,,1.47,,,,,,,,,,,,,,,,,,,,,,,,,,,,,,,,,,,,,,,,,,,
,,,,,,,,,,,,,,,,,,,,,,,,,,1.92,144.00,2.16,,,,,,,,,,,,,,,,,,,,,,,,,,,,,,,,,,,,,,,,,,,,
,,,,,,,,,,,,,,,,,,,,,,,,,,1.92,,,,,,,,,,-0.23,,,,,,,,,,,,,,,,,,,,,,,,,,,,,,,,,,,,
,,,,,,,,,,,,,,,,,,,,,,,,,,1.92,,,1.47,,,,,,,,,,,,,,,,,,,,,,,,,,,,,,,,,,,,,,,,,,,
,,,,,,,,,,,,,,,,,,,,,,,,,,1.93,145.00,2.17,,,,,,,,,,,,,,,,,,,,,,,,,,,,,,,,,,,,,,,,,,,,
,,,,,,,,,,,,,,,,,,,,,,,,,,1.93,,,,,,,,,,-0.13,,,,,,,,,,,,,,,,,,,,,,,,,,,,,,,,,,,,
,,,,,,,,,,,,,,,,,,,,,,,,,,1.94,,,1.47,,,,,,,,,,,,,,,,,,,,,,,,,,,,,,,,,,,,,,,,,,,
,,,,,,,,,,,,,,,,,,,,,,,,,,1.94,,,,,,,,,,0.06,,,,,,,,,,,,,,,,,,,,,,,,,,,,,,,,,,,,
,,,,,,,,,,,,,,,,,,,,,,,,,,1.94,146.00,2.19,,,,,,,,,,,,,,,,,,,,,,,,,,,,,,,,,,,,,,,,,,,,
,,,,,,,,,,,,,,,,,,,,,,,,,,1.95,,,1.47,,,,,,,,,,,,,,,,,,,,,,,,,,,,,,,,,,,,,,,,,,,
,,,,,,,,,,,,,,,,,,,,,,,,,,1.95,147.00,2.20,,,,,,,,,,,,,,,,,,,,,,,,,,,,,,,,,,,,,,,,,,,,
,,,,,,,,,,,,,,,,,,,,,,,,,,1.95,,,,,,,,,,-0.17,,,,,,,,,,,,,,,,,,,,,,,,,,,,,,,,,,,,
,,,,,,,,,,,,,,,,,,,,,,,,,,1.96,,,1.47,,,,,,,,,,,,,,,,,,,,,,,,,,,,,,,,,,,,,,,,,,,
,,,,,,,,,,,,,,,,,,,,,,,,,,1.96,,,,,,,,,,0.20,,,,,,,,,,,,,,,,,,,,,,,,,,,,,,,,,,,,
,,,,,,,,,,,,,,,,,,,,,,,,,,1.96,148.00,2.22,,,,,,,,,,,,,,,,,,,,,,,,,,,,,,,,,,,,,,,,,,,,
,,,,,,,,,,,,,,,,,,,,,,,,,,1.97,,,1.47,,,,,,,,,,,,,,,,,,,,,,,,,,,,,,,,,,,,,,,,,,,
,,,,,,,,,,,,,,,,,,,,,,,,,,1.97,149.00,2.23,,,,,,,,,,,,,,,,,,,,,,,,,,,,,,,,,,,,,,,,,,,,
,,,,,,,,,,,,,,,,,,,,,,,,,,1.97,,,,,,,,,,-0.14,,,,,,,,,,,,,,,,,,,,,,,,,,,,,,,,,,,,
,,,,,,,,,,,,,,,,,,,,,,,,,,1.98,,,1.47,,,,,,,,,,,,,,,,,,,,,,,,,,,,,,,,,,,,,,,,,,,
,,,,,,,,,,,,,,,,,,,,,,,,,,1.98,,,,,,,,,,0.30,,,,,,,,,,,,,,,,,,,,,,,,,,,,,,,,,,,,
,,,,,,,,,,,,,,,,,,,,,,,,,,1.98,150.00,2.25,,,,,,,,,,,,,,,,,,,,,,,,,,,,,,,,,,,,,,,,,,,,
,,,,,,,,,,,,,,,,,,,,,,,,,,1.99,,,1.47,,,,,,,,,,,,,,,,,,,,,,,,,,,,,,,,,,,,,,,,,,,
,,,,,,,,,,,,,,,,,,,,,,,,,,1.99,151.00,2.27,,,,,,,,,,,,,,,,,,,,,,,,,,,,,,,,,,,,,,,,,,,,
,,,,,,,,,,,,,,,,,,,,,,,,,,1.99,,,,,,,,,,-0.24,,,,,,,,,,,,,,,,,,,,,,,,,,,,,,,,,,,,
,,,,,,,,,,,,,,,,,,,,,,,,,,2.00,,,1.47,,,,,,,,,,,,,,,,,,,,,,,,,,,,,,,,,,,,,,,,,,,
,,,,,,,,,,,,,,,,,,,,,,,,,,2.00,152.00,2.28,,,,,,,,,,,,,,,,,,,,,,,,,,,,,,,,,,,,,,,,,,,,
,,,,,,,,,,,,,,,,,,,,,,,,,,2.00,,,,,,,,,,-0.17,,,,,,,,,,,,,,,,,,,,,,,,,,,,,,,,,,,,
,,,,,,,,,,,,,,,,,,,,,,,,,,2.01,,,1.47,,,,,,,,,,,,,,,,,,,,,,,,,,,,,,,,,,,,,,,,,,,
,,,,,,,,,,,,,,,,,,,,,,,,,,2.01,153.00,2.29,,,,,,,,,,,,,,,,,,,,,,,,,,,,,,,,,,,,,,,,,,,,
,,,,,,,,,,,,,,,,,,,,,,,,,,2.01,,,,,,,,,,-0.28,,,,,,,,,,,,,,,,,,,,,,,,,,,,,,,,,,,,
,,,,,,,,,,,,,,,,,,,,,,,,,,2.02,,,1.47,,,,,,,,,,,,,,,,,,,,,,,,,,,,,,,,,,,,,,,,,,,
,,,,,,,,,,,,,,,,,,,,,,,,,,2.02,154.00,2.31,,,,,,,,,,,,,,,,,,,,,,,,,,,,,,,,,,,,,,,,,,,,
,,,,,,,,,,,,,,,,,,,,,,,,,,2.02,,,,,,,,,,-0.20,,,,,,,,,,,,,,,,,,,,,,,,,,,,,,,,,,,,
,,,,,,,,,,,,,,,,,,,,,,,,,,2.03,,,1.46,,,,,,,,,,,,,,,,,,,,,,,,,,,,,,,,,,,,,,,,,,,
,,,,,,,,,,,,,,,,,,,,,,,,,,2.03,155.00,2.32,,,,,,,,,,,,,,,,,,,,,,,,,,,,,,,,,,,,,,,,,,,,
,,,,,,,,,,,,,,,,,,,,,,,,,,2.03,,,,,,,,,,-0.13,,,,,,,,,,,,,,,,,,,,,,,,,,,,,,,,,,,,
,,,,,,,,,,,,,,,,,,,,,,,,,,2.04,,,1.46,,,,,,,,,,,,,,,,,,,,,,,,,,,,,,,,,,,,,,,,,,,
,,,,,,,,,,,,,,,,,,,,,,,,,,2.04,,,,,,,,,,0.03,,,,,,,,,,,,,,,,,,,,,,,,,,,,,,,,,,,,
,,,,,,,,,,,,,,,,,,,,,,,,,,2.04,156.00,2.34,,,,,,,,,,,,,,,,,,,,,,,,,,,,,,,,,,,,,,,,,,,,
,,,,,,,,,,,,,,,,,,,,,,,,,,2.05,,,1.46,,,,,,,,,,,,,,,,,,,,,,,,,,,,,,,,,,,,,,,,,,,
,,,,,,,,,,,,,,,,,,,,,,,,,,2.05,157.00,2.35,,,,,,,,,,,,,,,,,,,,,,,,,,,,,,,,,,,,,,,,,,,,
,,,,,,,,,,,,,,,,,,,,,,,,,,2.05,,,,,,,,,,-0.14,,,,,,,,,,,,,,,,,,,,,,,,,,,,,,,,,,,,
,,,,,,,,,,,,,,,,,,,,,,,,,,2.06,,,1.46,,,,,,,,,,,,,,,,,,,,,,,,,,,,,,,,,,,,,,,,,,,
,,,,,,,,,,,,,,,,,,,,,,,,,,2.06,,,,,,,,,,0.19,,,,,,,,,,,,,,,,,,,,,,,,,,,,,,,,,,,,
,,,,,,,,,,,,,,,,,,,,,,,,,,2.06,158.00,2.37,,,,,,,,,,,,,,,,,,,,,,,,,,,,,,,,,,,,,,,,,,,,
,,,,,,,,,,,,,,,,,,,,,,,,,,2.07,,,1.46,,,,,,,,,,,,,,,,,,,,,,,,,,,,,,,,,,,,,,,,,,,
,,,,,,,,,,,,,,,,,,,,,,,,,,2.07,159.00,2.38,,,,,,,,,,,,,,,,,,,,,,,,,,,,,,,,,,,,,,,,,,,,
,,,,,,,,,,,,,,,,,,,,,,,,,,2.07,,,,,,,,,,-0.17,,,,,,,,,,,,,,,,,,,,,,,,,,,,,,,,,,,,
,,,,,,,,,,,,,,,,,,,,,,,,,,2.08,,,1.46,,,,,,,,,,,,,,,,,,,,,,,,,,,,,,,,,,,,,,,,,,,
,,,,,,,,,,,,,,,,,,,,,,,,,,2.08,,,,,,,,,,0.32,,,,,,,,,,,,,,,,,,,,,,,,,,,,,,,,,,,,
,,,,,,,,,,,,,,,,,,,,,,,,,,2.08,160.00,2.40,,,,,,,,,,,,,,,,,,,,,,,,,,,,,,,,,,,,,,,,,,,,
,,,,,,,,,,,,,,,,,,,,,,,,,,2.09,,,1.46,,,,,,,,,,,,,,,,,,,,,,,,,,,,,,,,,,,,,,,,,,,
,,,,,,,,,,,,,,,,,,,,,,,,,,2.09,161.00,2.41,,,,,,,,,,,,,,,,,,,,,,,,,,,,,,,,,,,,,,,,,,,,
,,,,,,,,,,,,,,,,,,,,,,,,,,2.09,,,,,,,,,,-0.26,,,,,,,,,,,,,,,,,,,,,,,,,,,,,,,,,,,,
,,,,,,,,,,,,,,,,,,,,,,,,,,2.10,,,1.46,,,,,,,,,,,,,,,,,,,,,,,,,,,,,,,,,,,,,,,,,,,
,,,,,,,,,,,,,,,,,,,,,,,,,,2.10,162.00,2.43,,,,,,,,,,,,,,,,,,,,,,,,,,,,,,,,,,,,,,,,,,,,
,,,,,,,,,,,,,,,,,,,,,,,,,,2.10,,,,,,,,,,-0.19,,,,,,,,,,,,,,,,,,,,,,,,,,,,,,,,,,,,
,,,,,,,,,,,,,,,,,,,,,,,,,,2.11,,,1.46,,,,,,,,,,,,,,,,,,,,,,,,,,,,,,,,,,,,,,,,,,,
,,,,,,,,,,,,,,,,,,,,,,,,,,2.11,163.00,2.44,,,,,,,,,,,,,,,,,,,,,,,,,,,,,,,,,,,,,,,,,,,,
,,,,,,,,,,,,,,,,,,,,,,,,,,2.11,,,,,,,,,,-0.23,,,,,,,,,,,,,,,,,,,,,,,,,,,,,,,,,,,,
,,,,,,,,,,,,,,,,,,,,,,,,,,2.12,,,1.46,,,,,,,,,,,,,,,,,,,,,,,,,,,,,,,,,,,,,,,,,,,
,,,,,,,,,,,,,,,,,,,,,,,,,,2.12,164.00,2.46,,,,,,,,,,,,,,,,,,,,,,,,,,,,,,,,,,,,,,,,,,,,
,,,,,,,,,,,,,,,,,,,,,,,,,,2.12,,,,,,,,,,-0.22,,,,,,,,,,,,,,,,,,,,,,,,,,,,,,,,,,,,
,,,,,,,,,,,,,,,,,,,,,,,,,,2.13,,,1.46,,,,,,,,,,,,,,,,,,,,,,,,,,,,,,,,,,,,,,,,,,,
,,,,,,,,,,,,,,,,,,,,,,,,,,2.13,165.00,2.47,,,,,,,,,,,,,,,,,,,,,,,,,,,,,,,,,,,,,,,,,,,,
,,,,,,,,,,,,,,,,,,,,,,,,,,2.13,,,,,,,,,,-0.12,,,,,,,,,,,,,,,,,,,,,,,,,,,,,,,,,,,,
,,,,,,,,,,,,,,,,,,,,,,,,,,2.14,,,1.45,,,,,,,,,,,,,,,,,,,,,,,,,,,,,,,,,,,,,,,,,,,
,,,,,,,,,,,,,,,,,,,,,,,,,,2.15,,,,,,,,,,0.03,,,,,,,,,,,,,,,,,,,,,,,,,,,,,,,,,,,,
,,,,,,,,,,,,,,,,,,,,,,,,,,2.15,166.00,2.49,,,,,,,,,,,,,,,,,,,,,,,,,,,,,,,,,,,,,,,,,,,,
,,,,,,,,,,,,,,,,,,,,,,,,,,2.15,,,1.45,,,,,,,,,,,,,,,,,,,,,,,,,,,,,,,,,,,,,,,,,,,
,,,,,,,,,,,,,,,,,,,,,,,,,,2.15,167.00,2.50,,,,,,,,,,,,,,,,,,,,,,,,,,,,,,,,,,,,,,,,,,,,
,,,,,,,,,,,,,,,,,,,,,,,,,,2.15,,,,,,,,,,-0.15,,,,,,,,,,,,,,,,,,,,,,,,,,,,,,,,,,,,
,,,,,,,,,,,,,,,,,,,,,,,,,,2.16,,,1.45,,,,,,,,,,,,,,,,,,,,,,,,,,,,,,,,,,,,,,,,,,,
,,,,,,,,,,,,,,,,,,,,,,,,,,2.17,,,,,,,,,,0.22,,,,,,,,,,,,,,,,,,,,,,,,,,,,,,,,,,,,
,,,,,,,,,,,,,,,,,,,,,,,,,,2.17,168.00,2.52,,,,,,,,,,,,,,,,,,,,,,,,,,,,,,,,,,,,,,,,,,,,
,,,,,,,,,,,,,,,,,,,,,,,,,,2.17,,,1.46,,,,,,,,,,,,,,,,,,,,,,,,,,,,,,,,,,,,,,,,,,,
,,,,,,,,,,,,,,,,,,,,,,,,,,2.18,169.00,2.53,,,,,,,,,,,,,,,,,,,,,,,,,,,,,,,,,,,,,,,,,,,,
,,,,,,,,,,,,,,,,,,,,,,,,,,2.18,,,,,,,,,,-0.18,,,,,,,,,,,,,,,,,,,,,,,,,,,,,,,,,,,,
,,,,,,,,,,,,,,,,,,,,,,,,,,2.18,,,1.45,,,,,,,,,,,,,,,,,,,,,,,,,,,,,,,,,,,,,,,,,,,
,,,,,,,,,,,,,,,,,,,,,,,,,,2.19,,,,,,,,,,0.33,,,,,,,,,,,,,,,,,,,,,,,,,,,,,,,,,,,,
,,,,,,,,,,,,,,,,,,,,,,,,,,2.19,170.00,2.55,,,,,,,,,,,,,,,,,,,,,,,,,,,,,,,,,,,,,,,,,,,,
,,,,,,,,,,,,,,,,,,,,,,,,,,2.19,,,1.46,,,,,,,,,,,,,,,,,,,,,,,,,,,,,,,,,,,,,,,,,,,
,,,,,,,,,,,,,,,,,,,,,,,,,,2.20,171.00,2.56,,,,,,,,,,,,,,,,,,,,,,,,,,,,,,,,,,,,,,,,,,,,
,,,,,,,,,,,,,,,,,,,,,,,,,,2.20,,,,,,,,,,-0.26,,,,,,,,,,,,,,,,,,,,,,,,,,,,,,,,,,,,
,,,,,,,,,,,,,,,,,,,,,,,,,,2.20,,,1.45,,,,,,,,,,,,,,,,,,,,,,,,,,,,,,,,,,,,,,,,,,,
,,,,,,,,,,,,,,,,,,,,,,,,,,2.21,172.00,2.58,,,,,,,,,,,,,,,,,,,,,,,,,,,,,,,,,,,,,,,,,,,,
,,,,,,,,,,,,,,,,,,,,,,,,,,2.21,,,,,,,,,,-0.19,,,,,,,,,,,,,,,,,,,,,,,,,,,,,,,,,,,,
,,,,,,,,,,,,,,,,,,,,,,,,,,2.21,,,1.45,,,,,,,,,,,,,,,,,,,,,,,,,,,,,,,,,,,,,,,,,,,
,,,,,,,,,,,,,,,,,,,,,,,,,,2.22,173.00,2.59,,,,,,,,,,,,,,,,,,,,,,,,,,,,,,,,,,,,,,,,,,,,
,,,,,,,,,,,,,,,,,,,,,,,,,,2.22,,,,,,,,,,-0.23,,,,,,,,,,,,,,,,,,,,,,,,,,,,,,,,,,,,
,,,,,,,,,,,,,,,,,,,,,,,,,,2.22,,,1.45,,,,,,,,,,,,,,,,,,,,,,,,,,,,,,,,,,,,,,,,,,,
,,,,,,,,,,,,,,,,,,,,,,,,,,2.23,174.00,2.61,,,,,,,,,,,,,,,,,,,,,,,,,,,,,,,,,,,,,,,,,,,,
,,,,,,,,,,,,,,,,,,,,,,,,,,2.23,,,,,,,,,,-0.22,,,,,,,,,,,,,,,,,,,,,,,,,,,,,,,,,,,,
,,,,,,,,,,,,,,,,,,,,,,,,,,2.23,,,1.45,,,,,,,,,,,,,,,,,,,,,,,,,,,,,,,,,,,,,,,,,,,
,,,,,,,,,,,,,,,,,,,,,,,,,,2.24,175.00,2.62,,,,,,,,,,,,,,,,,,,,,,,,,,,,,,,,,,,,,,,,,,,,
,,,,,,,,,,,,,,,,,,,,,,,,,,2.24,,,,,,,,,,-0.13,,,,,,,,,,,,,,,,,,,,,,,,,,,,,,,,,,,,
,,,,,,,,,,,,,,,,,,,,,,,,,,2.24,,,1.45,,,,,,,,,,,,,,,,,,,,,,,,,,,,,,,,,,,,,,,,,,,
,,,,,,,,,,,,,,,,,,,,,,,,,,2.25,,,,,,,,,,0.05,,,,,,,,,,,,,,,,,,,,,,,,,,,,,,,,,,,,
,,,,,,,,,,,,,,,,,,,,,,,,,,2.25,176.00,2.64,,,,,,,,,,,,,,,,,,,,,,,,,,,,,,,,,,,,,,,,,,,,
,,,,,,,,,,,,,,,,,,,,,,,,,,2.25,,,1.45,,,,,,,,,,,,,,,,,,,,,,,,,,,,,,,,,,,,,,,,,,,
,,,,,,,,,,,,,,,,,,,,,,,,,,2.26,177.00,2.65,,,,,,,,,,,,,,,,,,,,,,,,,,,,,,,,,,,,,,,,,,,,
,,,,,,,,,,,,,,,,,,,,,,,,,,2.26,,,,,,,,,,-0.16,,,,,,,,,,,,,,,,,,,,,,,,,,,,,,,,,,,,
,,,,,,,,,,,,,,,,,,,,,,,,,,2.26,,,1.44,,,,,,,,,,,,,,,,,,,,,,,,,,,,,,,,,,,,,,,,,,,
,,,,,,,,,,,,,,,,,,,,,,,,,,2.27,,,,,,,,,,0.20,,,,,,,,,,,,,,,,,,,,,,,,,,,,,,,,,,,,
,,,,,,,,,,,,,,,,,,,,,,,,,,2.27,178.00,2.67,,,,,,,,,,,,,,,,,,,,,,,,,,,,,,,,,,,,,,,,,,,,
,,,,,,,,,,,,,,,,,,,,,,,,,,2.27,,,1.45,,,,,,,,,,,,,,,,,,,,,,,,,,,,,,,,,,,,,,,,,,,
,,,,,,,,,,,,,,,,,,,,,,,,,,2.28,179.00,2.68,,,,,,,,,,,,,,,,,,,,,,,,,,,,,,,,,,,,,,,,,,,,
,,,,,,,,,,,,,,,,,,,,,,,,,,2.28,,,,,,,,,,-0.17,,,,,,,,,,,,,,,,,,,,,,,,,,,,,,,,,,,,
,,,,,,,,,,,,,,,,,,,,,,,,,,2.28,,,1.45,,,,,,,,,,,,,,,,,,,,,,,,,,,,,,,,,,,,,,,,,,,
,,,,,,,,,,,,,,,,,,,,,,,,,,2.29,,,,,,,,,,0.32,,,,,,,,,,,,,,,,,,,,,,,,,,,,,,,,,,,,
,,,,,,,,,,,,,,,,,,,,,,,,,,2.29,180.00,2.70,,,,,,,,,,,,,,,,,,,,,,,,,,,,,,,,,,,,,,,,,,,,
,,,,,,,,,,,,,,,,,,,,,,,,,,2.29,,,1.45,,,,,,,,,,,,,,,,,,,,,,,,,,,,,,,,,,,,,,,,,,,
,,,,,,,,,,,,,,,,,,,,,,,,,,2.30,181.00,2.71,,,,,,,,,,,,,,,,,,,,,,,,,,,,,,,,,,,,,,,,,,,,
,,,,,,,,,,,,,,,,,,,,,,,,,,2.30,,,,,,,,,,-0.26,,,,,,,,,,,,,,,,,,,,,,,,,,,,,,,,,,,,
,,,,,,,,,,,,,,,,,,,,,,,,,,2.31,,,1.45,,,,,,,,,,,,,,,,,,,,,,,,,,,,,,,,,,,,,,,,,,,
,,,,,,,,,,,,,,,,,,,,,,,,,,2.31,182.00,2.73,,,,,,,,,,,,,,,,,,,,,,,,,,,,,,,,,,,,,,,,,,,,
,,,,,,,,,,,,,,,,,,,,,,,,,,2.31,,,,,,,,,,-0.19,,,,,,,,,,,,,,,,,,,,,,,,,,,,,,,,,,,,
,,,,,,,,,,,,,,,,,,,,,,,,,,2.31,,,1.44,,,,,,,,,,,,,,,,,,,,,,,,,,,,,,,,,,,,,,,,,,,
,,,,,,,,,,,,,,,,,,,,,,,,,,2.32,183.00,2.75,,,,,,,,,,,,,,,,,,,,,,,,,,,,,,,,,,,,,,,,,,,,
,,,,,,,,,,,,,,,,,,,,,,,,,,2.32,,,,,,,,,,-0.24,,,,,,,,,,,,,,,,,,,,,,,,,,,,,,,,,,,,
,,,,,,,,,,,,,,,,,,,,,,,,,,2.33,,,1.44,,,,,,,,,,,,,,,,,,,,,,,,,,,,,,,,,,,,,,,,,,,
,,,,,,,,,,,,,,,,,,,,,,,,,,2.33,184.00,2.76,,,,,,,,,,,,,,,,,,,,,,,,,,,,,,,,,,,,,,,,,,,,
,,,,,,,,,,,,,,,,,,,,,,,,,,2.33,,,,,,,,,,-0.21,,,,,,,,,,,,,,,,,,,,,,,,,,,,,,,,,,,,
,,,,,,,,,,,,,,,,,,,,,,,,,,2.34,,,1.44,,,,,,,,,,,,,,,,,,,,,,,,,,,,,,,,,,,,,,,,,,,
,,,,,,,,,,,,,,,,,,,,,,,,,,2.34,185.00,2.77,,,,,,,,,,,,,,,,,,,,,,,,,,,,,,,,,,,,,,,,,,,,
,,,,,,,,,,,,,,,,,,,,,,,,,,2.34,,,,,,,,,,-0.12,,,,,,,,,,,,,,,,,,,,,,,,,,,,,,,,,,,,
,,,,,,,,,,,,,,,,,,,,,,,,,,2.35,,,1.44,,,,,,,,,,,,,,,,,,,,,,,,,,,,,,,,,,,,,,,,,,,
,,,,,,,,,,,,,,,,,,,,,,,,,,2.35,,,,,,,,,,0.05,,,,,,,,,,,,,,,,,,,,,,,,,,,,,,,,,,,,
,,,,,,,,,,,,,,,,,,,,,,,,,,2.35,186.00,2.79,,,,,,,,,,,,,,,,,,,,,,,,,,,,,,,,,,,,,,,,,,,,
,,,,,,,,,,,,,,,,,,,,,,,,,,2.36,,,1.44,,,,,,,,,,,,,,,,,,,,,,,,,,,,,,,,,,,,,,,,,,,
,,,,,,,,,,,,,,,,,,,,,,,,,,2.36,187.00,2.80,,,,,,,,,,,,,,,,,,,,,,,,,,,,,,,,,,,,,,,,,,,,
,,,,,,,,,,,,,,,,,,,,,,,,,,2.36,,,,,,,,,,-0.18,,,,,,,,,,,,,,,,,,,,,,,,,,,,,,,,,,,,
,,,,,,,,,,,,,,,,,,,,,,,,,,2.37,,,1.44,,,,,,,,,,,,,,,,,,,,,,,,,,,,,,,,,,,,,,,,,,,
,,,,,,,,,,,,,,,,,,,,,,,,,,2.37,,,,,,,,,,0.22,,,,,,,,,,,,,,,,,,,,,,,,,,,,,,,,,,,,
,,,,,,,,,,,,,,,,,,,,,,,,,,2.37,188.00,2.82,,,,,,,,,,,,,,,,,,,,,,,,,,,,,,,,,,,,,,,,,,,,
,,,,,,,,,,,,,,,,,,,,,,,,,,2.38,,,1.44,,,,,,,,,,,,,,,,,,,,,,,,,,,,,,,,,,,,,,,,,,,
,,,,,,,,,,,,,,,,,,,,,,,,,,2.38,189.00,2.83,,,,,,,,,,,,,,,,,,,,,,,,,,,,,,,,,,,,,,,,,,,,
,,,,,,,,,,,,,,,,,,,,,,,,,,2.38,,,,,,,,,,-0.19,,,,,,,,,,,,,,,,,,,,,,,,,,,,,,,,,,,,
,,,,,,,,,,,,,,,,,,,,,,,,,,2.39,,,1.44,,,,,,,,,,,,,,,,,,,,,,,,,,,,,,,,,,,,,,,,,,,
,,,,,,,,,,,,,,,,,,,,,,,,,,2.39,,,,,,,,,,0.32,,,,,,,,,,,,,,,,,,,,,,,,,,,,,,,,,,,,
,,,,,,,,,,,,,,,,,,,,,,,,,,2.39,190.00,2.85,,,,,,,,,,,,,,,,,,,,,,,,,,,,,,,,,,,,,,,,,,,,
,,,,,,,,,,,,,,,,,,,,,,,,,,2.40,,,1.44,,,,,,,,,,,,,,,,,,,,,,,,,,,,,,,,,,,,,,,,,,,
,,,,,,,,,,,,,,,,,,,,,,,,,,2.40,191.00,2.86,,,,,,,,,,,,,,,,,,,,,,,,,,,,,,,,,,,,,,,,,,,,
,,,,,,,,,,,,,,,,,,,,,,,,,,2.40,,,,,,,,,,-0.24,,,,,,,,,,,,,,,,,,,,,,,,,,,,,,,,,,,,
,,,,,,,,,,,,,,,,,,,,,,,,,,2.41,,,1.44,,,,,,,,,,,,,,,,,,,,,,,,,,,,,,,,,,,,,,,,,,,
,,,,,,,,,,,,,,,,,,,,,,,,,,2.41,192.00,2.88,,,,,,,,,,,,,,,,,,,,,,,,,,,,,,,,,,,,,,,,,,,,
,,,,,,,,,,,,,,,,,,,,,,,,,,2.41,,,,,,,,,,-0.21,,,,,,,,,,,,,,,,,,,,,,,,,,,,,,,,,,,,
,,,,,,,,,,,,,,,,,,,,,,,,,,2.42,,,1.44,,,,,,,,,,,,,,,,,,,,,,,,,,,,,,,,,,,,,,,,,,,
,,,,,,,,,,,,,,,,,,,,,,,,,,2.42,193.00,2.90,,,,,,,,,,,,,,,,,,,,,,,,,,,,,,,,,,,,,,,,,,,,
,,,,,,,,,,,,,,,,,,,,,,,,,,2.42,,,,,,,,,,-0.22,,,,,,,,,,,,,,,,,,,,,,,,,,,,,,,,,,,,
,,,,,,,,,,,,,,,,,,,,,,,,,,2.43,,,1.43,,,,,,,,,,,,,,,,,,,,,,,,,,,,,,,,,,,,,,,,,,,
,,,,,,,,,,,,,,,,,,,,,,,,,,2.44,194.00,2.91,,,,,,,,,,,,,,,,,,,,,,,,,,,,,,,,,,,,,,,,,,,,
,,,,,,,,,,,,,,,,,,,,,,,,,,2.44,,,,,,,,,,-0.21,,,,,,,,,,,,,,,,,,,,,,,,,,,,,,,,,,,,
,,,,,,,,,,,,,,,,,,,,,,,,,,2.44,,,1.43,,,,,,,,,,,,,,,,,,,,,,,,,,,,,,,,,,,,,,,,,,,
,,,,,,,,,,,,,,,,,,,,,,,,,,2.45,195.00,2.92,,,,,,,,,,,,,,,,,,,,,,,,,,,,,,,,,,,,,,,,,,,,
,,,,,,,,,,,,,,,,,,,,,,,,,,2.45,,,,,,,,,,-0.12,,,,,,,,,,,,,,,,,,,,,,,,,,,,,,,,,,,,
,,,,,,,,,,,,,,,,,,,,,,,,,,2.45,,,1.43,,,,,,,,,,,,,,,,,,,,,,,,,,,,,,,,,,,,,,,,,,,
,,,,,,,,,,,,,,,,,,,,,,,,,,2.46,,,,,,,,,,0.03,,,,,,,,,,,,,,,,,,,,,,,,,,,,,,,,,,,,
,,,,,,,,,,,,,,,,,,,,,,,,,,2.46,196.00,2.94,,,,,,,,,,,,,,,,,,,,,,,,,,,,,,,,,,,,,,,,,,,,
,,,,,,,,,,,,,,,,,,,,,,,,,,2.46,,,1.43,,,,,,,,,,,,,,,,,,,,,,,,,,,,,,,,,,,,,,,,,,,
,,,,,,,,,,,,,,,,,,,,,,,,,,2.47,197.00,2.95,,,,,,,,,,,,,,,,,,,,,,,,,,,,,,,,,,,,,,,,,,,,
,,,,,,,,,,,,,,,,,,,,,,,,,,2.47,,,,,,,,,,-0.16,,,,,,,,,,,,,,,,,,,,,,,,,,,,,,,,,,,,
,,,,,,,,,,,,,,,,,,,,,,,,,,2.47,,,1.43,,,,,,,,,,,,,,,,,,,,,,,,,,,,,,,,,,,,,,,,,,,
,,,,,,,,,,,,,,,,,,,,,,,,,,2.48,,,,,,,,,,0.21,,,,,,,,,,,,,,,,,,,,,,,,,,,,,,,,,,,,
,,,,,,,,,,,,,,,,,,,,,,,,,,2.48,198.00,2.97,,,,,,,,,,,,,,,,,,,,,,,,,,,,,,,,,,,,,,,,,,,,
,,,,,,,,,,,,,,,,,,,,,,,,,,2.48,,,1.43,,,,,,,,,,,,,,,,,,,,,,,,,,,,,,,,,,,,,,,,,,,
,,,,,,,,,,,,,,,,,,,,,,,,,,2.49,199.00,2.98,,,,,,,,,,,,,,,,,,,,,,,,,,,,,,,,,,,,,,,,,,,,
,,,,,,,,,,,,,,,,,,,,,,,,,,2.49,,,,,,,,,,-0.16,,,,,,,,,,,,,,,,,,,,,,,,,,,,,,,,,,,,
,,,,,,,,,,,,,,,,,,,,,,,,,,2.49,,,1.43,,,,,,,,,,,,,,,,,,,,,,,,,,,,,,,,,,,,,,,,,,,
,,,,,,,,,,,,,,,,,,,,,,,,,,2.50,,,,,,,,,,0.30,,,,,,,,,,,,,,,,,,,,,,,,,,,,,,,,,,,,
,,,,,,,,,,,,,,,,,,,,,,,,,,2.50,200.00,3.00,,,,,,,,,,,,,,,,,,,,,,,,,,,,,,,,,,,,,,,,,,,,
,,,,,,,,,,,,,,,,,,,,,,,,,,2.50,,,1.43,,,,,,,,,,,,,,,,,,,,,,,,,,,,,,,,,,,,,,,,,,,
,,,,,,,,,,,,,,,,,,,,,,,,,,2.51,201.00,3.01,,,,,,,,,,,,,,,,,,,,,,,,,,,,,,,,,,,,,,,,,,,,
,,,,,,,,,,,,,,,,,,,,,,,,,,2.51,,,,,,,,,,-0.25,,,,,,,,,,,,,,,,,,,,,,,,,,,,,,,,,,,,
,,,,,,,,,,,,,,,,,,,,,,,,,,2.51,,,1.43,,,,,,,,,,,,,,,,,,,,,,,,,,,,,,,,,,,,,,,,,,,
,,,,,,,,,,,,,,,,,,,,,,,,,,2.52,202.00,3.03,,,,,,,,,,,,,,,,,,,,,,,,,,,,,,,,,,,,,,,,,,,,
,,,,,,,,,,,,,,,,,,,,,,,,,,2.52,,,,,,,,,,-0.18,,,,,,,,,,,,,,,,,,,,,,,,,,,,,,,,,,,,
,,,,,,,,,,,,,,,,,,,,,,,,,,2.52,,,1.43,,,,,,,,,,,,,,,,,,,,,,,,,,,,,,,,,,,,,,,,,,,
,,,,,,,,,,,,,,,,,,,,,,,,,,2.53,203.00,3.04,,,,,,,,,,,,,,,,,,,,,,,,,,,,,,,,,,,,,,,,,,,,
,,,,,,,,,,,,,,,,,,,,,,,,,,2.53,,,,,,,,,,-0.23,,,,,,,,,,,,,,,,,,,,,,,,,,,,,,,,,,,,
,,,,,,,,,,,,,,,,,,,,,,,,,,2.54,,,1.43,,,,,,,,,,,,,,,,,,,,,,,,,,,,,,,,,,,,,,,,,,,
,,,,,,,,,,,,,,,,,,,,,,,,,,2.54,204.00,3.06,,,,,,,,,,,,,,,,,,,,,,,,,,,,,,,,,,,,,,,,,,,,
,,,,,,,,,,,,,,,,,,,,,,,,,,2.54,,,,,,,,,,-0.22,,,,,,,,,,,,,,,,,,,,,,,,,,,,,,,,,,,,
,,,,,,,,,,,,,,,,,,,,,,,,,,2.54,,,1.42,,,,,,,,,,,,,,,,,,,,,,,,,,,,,,,,,,,,,,,,,,,
,,,,,,,,,,,,,,,,,,,,,,,,,,2.55,205.00,3.07,,,,,,,,,,,,,,,,,,,,,,,,,,,,,,,,,,,,,,,,,,,,
,,,,,,,,,,,,,,,,,,,,,,,,,,2.55,,,,,,,,,,-0.10,,,,,,,,,,,,,,,,,,,,,,,,,,,,,,,,,,,,
,,,,,,,,,,,,,,,,,,,,,,,,,,2.56,,,1.42,,,,,,,,,,,,,,,,,,,,,,,,,,,,,,,,,,,,,,,,,,,
,,,,,,,,,,,,,,,,,,,,,,,,,,2.56,,,,,,,,,,0.03,,,,,,,,,,,,,,,,,,,,,,,,,,,,,,,,,,,,
,,,,,,,,,,,,,,,,,,,,,,,,,,2.56,206.00,3.09,,,,,,,,,,,,,,,,,,,,,,,,,,,,,,,,,,,,,,,,,,,,
,,,,,,,,,,,,,,,,,,,,,,,,,,2.57,,,1.42,,,,,,,,,,,,,,,,,,,,,,,,,,,,,,,,,,,,,,,,,,,
,,,,,,,,,,,,,,,,,,,,,,,,,,2.57,207.00,3.10,,,,,,,,,,,,,,,,,,,,,,,,,,,,,,,,,,,,,,,,,,,,
,,,,,,,,,,,,,,,,,,,,,,,,,,2.57,,,,,,,,,,-0.15,,,,,,,,,,,,,,,,,,,,,,,,,,,,,,,,,,,,
,,,,,,,,,,,,,,,,,,,,,,,,,,2.58,,,1.42,,,,,,,,,,,,,,,,,,,,,,,,,,,,,,,,,,,,,,,,,,,
,,,,,,,,,,,,,,,,,,,,,,,,,,2.58,,,,,,,,,,0.20,,,,,,,,,,,,,,,,,,,,,,,,,,,,,,,,,,,,
,,,,,,,,,,,,,,,,,,,,,,,,,,2.58,208.00,3.12,,,,,,,,,,,,,,,,,,,,,,,,,,,,,,,,,,,,,,,,,,,,
,,,,,,,,,,,,,,,,,,,,,,,,,,2.59,,,1.42,,,,,,,,,,,,,,,,,,,,,,,,,,,,,,,,,,,,,,,,,,,
,,,,,,,,,,,,,,,,,,,,,,,,,,2.59,209.00,3.13,,,,,,,,,,,,,,,,,,,,,,,,,,,,,,,,,,,,,,,,,,,,
,,,,,,,,,,,,,,,,,,,,,,,,,,2.59,,,,,,,,,,-0.15,,,,,,,,,,,,,,,,,,,,,,,,,,,,,,,,,,,,
,,,,,,,,,,,,,,,,,,,,,,,,,,2.60,,,1.42,,,,,,,,,,,,,,,,,,,,,,,,,,,,,,,,,,,,,,,,,,,
,,,,,,,,,,,,,,,,,,,,,,,,,,2.60,,,,,,,,,,0.29,,,,,,,,,,,,,,,,,,,,,,,,,,,,,,,,,,,,
,,,,,,,,,,,,,,,,,,,,,,,,,,2.60,210.00,3.15,,,,,,,,,,,,,,,,,,,,,,,,,,,,,,,,,,,,,,,,,,,,
,,,,,,,,,,,,,,,,,,,,,,,,,,2.61,,,1.42,,,,,,,,,,,,,,,,,,,,,,,,,,,,,,,,,,,,,,,,,,,
,,,,,,,,,,,,,,,,,,,,,,,,,,2.61,211.00,3.16,,,,,,,,,,,,,,,,,,,,,,,,,,,,,,,,,,,,,,,,,,,,
,,,,,,,,,,,,,,,,,,,,,,,,,,2.61,,,,,,,,,,-0.23,,,,,,,,,,,,,,,,,,,,,,,,,,,,,,,,,,,,
,,,,,,,,,,,,,,,,,,,,,,,,,,2.62,,,1.42,,,,,,,,,,,,,,,,,,,,,,,,,,,,,,,,,,,,,,,,,,,
,,,,,,,,,,,,,,,,,,,,,,,,,,2.62,212.00,3.18,,,,,,,,,,,,,,,,,,,,,,,,,,,,,,,,,,,,,,,,,,,,
,,,,,,,,,,,,,,,,,,,,,,,,,,2.62,,,,,,,,,,-0.18,,,,,,,,,,,,,,,,,,,,,,,,,,,,,,,,,,,,
,,,,,,,,,,,,,,,,,,,,,,,,,,2.63,,,1.42,,,,,,,,,,,,,,,,,,,,,,,,,,,,,,,,,,,,,,,,,,,
,,,,,,,,,,,,,,,,,,,,,,,,,,2.63,213.00,3.19,,,,,,,,,,,,,,,,,,,,,,,,,,,,,,,,,,,,,,,,,,,,
,,,,,,,,,,,,,,,,,,,,,,,,,,2.63,,,,,,,,,,-0.27,,,,,,,,,,,,,,,,,,,,,,,,,,,,,,,,,,,,
,,,,,,,,,,,,,,,,,,,,,,,,,,2.64,,,1.42,,,,,,,,,,,,,,,,,,,,,,,,,,,,,,,,,,,,,,,,,,,
,,,,,,,,,,,,,,,,,,,,,,,,,,2.65,214.00,3.21,,,,,,,,,,,,,,,,,,,,,,,,,,,,,,,,,,,,,,,,,,,,
,,,,,,,,,,,,,,,,,,,,,,,,,,2.65,,,,,,,,,,-0.20,,,,,,,,,,,,,,,,,,,,,,,,,,,,,,,,,,,,
,,,,,,,,,,,,,,,,,,,,,,,,,,2.65,,,1.41,,,,,,,,,,,,,,,,,,,,,,,,,,,,,,,,,,,,,,,,,,,
,,,,,,,,,,,,,,,,,,,,,,,,,,2.66,215.00,3.22,,,,,,,,,,,,,,,,,,,,,,,,,,,,,,,,,,,,,,,,,,,,
,,,,,,,,,,,,,,,,,,,,,,,,,,2.66,,,,,,,,,,-0.11,,,,,,,,,,,,,,,,,,,,,,,,,,,,,,,,,,,,
,,,,,,,,,,,,,,,,,,,,,,,,,,2.66,,,1.41,,,,,,,,,,,,,,,,,,,,,,,,,,,,,,,,,,,,,,,,,,,
,,,,,,,,,,,,,,,,,,,,,,,,,,2.67,,,,,,,,,,0.04,,,,,,,,,,,,,,,,,,,,,,,,,,,,,,,,,,,,
,,,,,,,,,,,,,,,,,,,,,,,,,,2.67,216.00,3.24,,,,,,,,,,,,,,,,,,,,,,,,,,,,,,,,,,,,,,,,,,,,
,,,,,,,,,,,,,,,,,,,,,,,,,,2.67,,,1.41,,,,,,,,,,,,,,,,,,,,,,,,,,,,,,,,,,,,,,,,,,,
,,,,,,,,,,,,,,,,,,,,,,,,,,2.68,217.00,3.25,,,,,,,,,,,,,,,,,,,,,,,,,,,,,,,,,,,,,,,,,,,,
,,,,,,,,,,,,,,,,,,,,,,,,,,2.68,,,,,,,,,,-0.15,,,,,,,,,,,,,,,,,,,,,,,,,,,,,,,,,,,,
,,,,,,,,,,,,,,,,,,,,,,,,,,2.68,,,1.41,,,,,,,,,,,,,,,,,,,,,,,,,,,,,,,,,,,,,,,,,,,
,,,,,,,,,,,,,,,,,,,,,,,,,,2.69,,,,,,,,,,0.18,,,,,,,,,,,,,,,,,,,,,,,,,,,,,,,,,,,,
,,,,,,,,,,,,,,,,,,,,,,,,,,2.69,218.00,3.27,,,,,,,,,,,,,,,,,,,,,,,,,,,,,,,,,,,,,,,,,,,,
,,,,,,,,,,,,,,,,,,,,,,,,,,2.69,,,1.41,,,,,,,,,,,,,,,,,,,,,,,,,,,,,,,,,,,,,,,,,,,
,,,,,,,,,,,,,,,,,,,,,,,,,,2.70,219.00,3.28,,,,,,,,,,,,,,,,,,,,,,,,,,,,,,,,,,,,,,,,,,,,
,,,,,,,,,,,,,,,,,,,,,,,,,,2.70,,,,,,,,,,-0.15,,,,,,,,,,,,,,,,,,,,,,,,,,,,,,,,,,,,
,,,,,,,,,,,,,,,,,,,,,,,,,,2.70,,,1.41,,,,,,,,,,,,,,,,,,,,,,,,,,,,,,,,,,,,,,,,,,,
,,,,,,,,,,,,,,,,,,,,,,,,,,2.71,,,,,,,,,,0.30,,,,,,,,,,,,,,,,,,,,,,,,,,,,,,,,,,,,
,,,,,,,,,,,,,,,,,,,,,,,,,,2.71,220.00,3.30,,,,,,,,,,,,,,,,,,,,,,,,,,,,,,,,,,,,,,,,,,,,
,,,,,,,,,,,,,,,,,,,,,,,,,,2.71,,,1.42,,,,,,,,,,,,,,,,,,,,,,,,,,,,,,,,,,,,,,,,,,,
,,,,,,,,,,,,,,,,,,,,,,,,,,2.72,221.00,3.31,,,,,,,,,,,,,,,,,,,,,,,,,,,,,,,,,,,,,,,,,,,,
,,,,,,,,,,,,,,,,,,,,,,,,,,2.72,,,,,,,,,,-0.23,,,,,,,,,,,,,,,,,,,,,,,,,,,,,,,,,,,,
,,,,,,,,,,,,,,,,,,,,,,,,,,2.73,,,1.41,,,,,,,,,,,,,,,,,,,,,,,,,,,,,,,,,,,,,,,,,,,
,,,,,,,,,,,,,,,,,,,,,,,,,,2.73,222.00,3.33,,,,,,,,,,,,,,,,,,,,,,,,,,,,,,,,,,,,,,,,,,,,
,,,,,,,,,,,,,,,,,,,,,,,,,,2.73,,,,,,,,,,-0.20,,,,,,,,,,,,,,,,,,,,,,,,,,,,,,,,,,,,
,,,,,,,,,,,,,,,,,,,,,,,,,,2.74,,,1.41,,,,,,,,,,,,,,,,,,,,,,,,,,,,,,,,,,,,,,,,,,,
,,,,,,,,,,,,,,,,,,,,,,,,,,2.74,223.00,3.34,,,,,,,,,,,,,,,,,,,,,,,,,,,,,,,,,,,,,,,,,,,,
,,,,,,,,,,,,,,,,,,,,,,,,,,2.74,,,,,,,,,,-0.21,,,,,,,,,,,,,,,,,,,,,,,,,,,,,,,,,,,,
,,,,,,,,,,,,,,,,,,,,,,,,,,2.75,,,1.41,,,,,,,,,,,,,,,,,,,,,,,,,,,,,,,,,,,,,,,,,,,
,,,,,,,,,,,,,,,,,,,,,,,,,,2.75,224.00,3.36,,,,,,,,,,,,,,,,,,,,,,,,,,,,,,,,,,,,,,,,,,,,
,,,,,,,,,,,,,,,,,,,,,,,,,,2.75,,,,,,,,,,-0.20,,,,,,,,,,,,,,,,,,,,,,,,,,,,,,,,,,,,
,,,,,,,,,,,,,,,,,,,,,,,,,,2.76,,,1.41,,,,,,,,,,,,,,,,,,,,,,,,,,,,,,,,,,,,,,,,,,,
,,,,,,,,,,,,,,,,,,,,,,,,,,2.76,225.00,3.37,,,,,,,,,,,,,,,,,,,,,,,,,,,,,,,,,,,,,,,,,,,,
,,,,,,,,,,,,,,,,,,,,,,,,,,2.76,,,,,,,,,,-0.14,,,,,,,,,,,,,,,,,,,,,,,,,,,,,,,,,,,,
,,,,,,,,,,,,,,,,,,,,,,,,,,2.77,,,1.41,,,,,,,,,,,,,,,,,,,,,,,,,,,,,,,,,,,,,,,,,,,
,,,,,,,,,,,,,,,,,,,,,,,,,,2.77,,,,,,,,,,0.04,,,,,,,,,,,,,,,,,,,,,,,,,,,,,,,,,,,,
,,,,,,,,,,,,,,,,,,,,,,,,,,2.77,226.00,3.39,,,,,,,,,,,,,,,,,,,,,,,,,,,,,,,,,,,,,,,,,,,,
,,,,,,,,,,,,,,,,,,,,,,,,,,2.78,,,1.41,,,,,,,,,,,,,,,,,,,,,,,,,,,,,,,,,,,,,,,,,,,
,,,,,,,,,,,,,,,,,,,,,,,,,,2.78,227.00,3.40,,,,,,,,,,,,,,,,,,,,,,,,,,,,,,,,,,,,,,,,,,,,
,,,,,,,,,,,,,,,,,,,,,,,,,,2.78,,,,,,,,,,-0.16,,,,,,,,,,,,,,,,,,,,,,,,,,,,,,,,,,,,
,,,,,,,,,,,,,,,,,,,,,,,,,,2.79,,,1.40,,,,,,,,,,,,,,,,,,,,,,,,,,,,,,,,,,,,,,,,,,,
,,,,,,,,,,,,,,,,,,,,,,,,,,2.79,,,,,,,,,,0.21,,,,,,,,,,,,,,,,,,,,,,,,,,,,,,,,,,,,
,,,,,,,,,,,,,,,,,,,,,,,,,,2.79,228.00,3.42,,,,,,,,,,,,,,,,,,,,,,,,,,,,,,,,,,,,,,,,,,,,
,,,,,,,,,,,,,,,,,,,,,,,,,,2.80,,,1.41,,,,,,,,,,,,,,,,,,,,,,,,,,,,,,,,,,,,,,,,,,,
,,,,,,,,,,,,,,,,,,,,,,,,,,2.81,229.00,3.43,,,,,,,,,,,,,,,,,,,,,,,,,,,,,,,,,,,,,,,,,,,,
,,,,,,,,,,,,,,,,,,,,,,,,,,2.81,,,,,,,,,,-0.16,,,,,,,,,,,,,,,,,,,,,,,,,,,,,,,,,,,,
,,,,,,,,,,,,,,,,,,,,,,,,,,2.81,,,1.40,,,,,,,,,,,,,,,,,,,,,,,,,,,,,,,,,,,,,,,,,,,
,,,,,,,,,,,,,,,,,,,,,,,,,,2.82,,,,,,,,,,0.30,,,,,,,,,,,,,,,,,,,,,,,,,,,,,,,,,,,,
,,,,,,,,,,,,,,,,,,,,,,,,,,2.82,230.00,3.45,,,,,,,,,,,,,,,,,,,,,,,,,,,,,,,,,,,,,,,,,,,,
,,,,,,,,,,,,,,,,,,,,,,,,,,2.82,,,1.41,,,,,,,,,,,,,,,,,,,,,,,,,,,,,,,,,,,,,,,,,,,
,,,,,,,,,,,,,,,,,,,,,,,,,,2.83,231.00,3.46,,,,,,,,,,,,,,,,,,,,,,,,,,,,,,,,,,,,,,,,,,,,
,,,,,,,,,,,,,,,,,,,,,,,,,,2.83,,,,,,,,,,-0.24,,,,,,,,,,,,,,,,,,,,,,,,,,,,,,,,,,,,
,,,,,,,,,,,,,,,,,,,,,,,,,,2.83,,,1.41,,,,,,,,,,,,,,,,,,,,,,,,,,,,,,,,,,,,,,,,,,,
,,,,,,,,,,,,,,,,,,,,,,,,,,2.84,232.00,3.48,,,,,,,,,,,,,,,,,,,,,,,,,,,,,,,,,,,,,,,,,,,,
,,,,,,,,,,,,,,,,,,,,,,,,,,2.84,,,,,,,,,,-0.18,,,,,,,,,,,,,,,,,,,,,,,,,,,,,,,,,,,,
,,,,,,,,,,,,,,,,,,,,,,,,,,2.84,,,1.40,,,,,,,,,,,,,,,,,,,,,,,,,,,,,,,,,,,,,,,,,,,
,,,,,,,,,,,,,,,,,,,,,,,,,,2.85,233.00,3.49,,,,,,,,,,,,,,,,,,,,,,,,,,,,,,,,,,,,,,,,,,,,
,,,,,,,,,,,,,,,,,,,,,,,,,,2.85,,,,,,,,,,-0.22,,,,,,,,,,,,,,,,,,,,,,,,,,,,,,,,,,,,
,,,,,,,,,,,,,,,,,,,,,,,,,,2.85,,,1.40,,,,,,,,,,,,,,,,,,,,,,,,,,,,,,,,,,,,,,,,,,,
,,,,,,,,,,,,,,,,,,,,,,,,,,2.86,234.00,3.51,,,,,,,,,,,,,,,,,,,,,,,,,,,,,,,,,,,,,,,,,,,,
,,,,,,,,,,,,,,,,,,,,,,,,,,2.86,,,,,,,,,,-0.22,,,,,,,,,,,,,,,,,,,,,,,,,,,,,,,,,,,,
,,,,,,,,,,,,,,,,,,,,,,,,,,2.86,,,1.40,,,,,,,,,,,,,,,,,,,,,,,,,,,,,,,,,,,,,,,,,,,
,,,,,,,,,,,,,,,,,,,,,,,,,,2.87,235.00,3.52,,,,,,,,,,,,,,,,,,,,,,,,,,,,,,,,,,,,,,,,,,,,
,,,,,,,,,,,,,,,,,,,,,,,,,,2.87,,,,,,,,,,-0.11,,,,,,,,,,,,,,,,,,,,,,,,,,,,,,,,,,,,
,,,,,,,,,,,,,,,,,,,,,,,,,,2.88,,,1.40,,,,,,,,,,,,,,,,,,,,,,,,,,,,,,,,,,,,,,,,,,,
,,,,,,,,,,,,,,,,,,,,,,,,,,2.88,,,,,,,,,,0.02,,,,,,,,,,,,,,,,,,,,,,,,,,,,,,,,,,,,
,,,,,,,,,,,,,,,,,,,,,,,,,,2.88,236.00,3.54,,,,,,,,,,,,,,,,,,,,,,,,,,,,,,,,,,,,,,,,,,,,
,,,,,,,,,,,,,,,,,,,,,,,,,,2.88,,,1.40,,,,,,,,,,,,,,,,,,,,,,,,,,,,,,,,,,,,,,,,,,,
,,,,,,,,,,,,,,,,,,,,,,,,,,2.89,237.00,3.55,,,,,,,,,,,,,,,,,,,,,,,,,,,,,,,,,,,,,,,,,,,,
,,,,,,,,,,,,,,,,,,,,,,,,,,2.89,,,,,,,,,,-0.13,,,,,,,,,,,,,,,,,,,,,,,,,,,,,,,,,,,,
,,,,,,,,,,,,,,,,,,,,,,,,,,2.90,,,1.40,,,,,,,,,,,,,,,,,,,,,,,,,,,,,,,,,,,,,,,,,,,
,,,,,,,,,,,,,,,,,,,,,,,,,,2.90,,,,,,,,,,0.19,,,,,,,,,,,,,,,,,,,,,,,,,,,,,,,,,,,,
,,,,,,,,,,,,,,,,,,,,,,,,,,2.90,238.00,3.57,,,,,,,,,,,,,,,,,,,,,,,,,,,,,,,,,,,,,,,,,,,,
,,,,,,,,,,,,,,,,,,,,,,,,,,2.91,,,1.40,,,,,,,,,,,,,,,,,,,,,,,,,,,,,,,,,,,,,,,,,,,
,,,,,,,,,,,,,,,,,,,,,,,,,,2.91,239.00,3.58,,,,,,,,,,,,,,,,,,,,,,,,,,,,,,,,,,,,,,,,,,,,
,,,,,,,,,,,,,,,,,,,,,,,,,,2.91,,,,,,,,,,-0.15,,,,,,,,,,,,,,,,,,,,,,,,,,,,,,,,,,,,
,,,,,,,,,,,,,,,,,,,,,,,,,,2.92,,,1.40,,,,,,,,,,,,,,,,,,,,,,,,,,,,,,,,,,,,,,,,,,,
,,,,,,,,,,,,,,,,,,,,,,,,,,2.92,,,,,,,,,,0.26,,,,,,,,,,,,,,,,,,,,,,,,,,,,,,,,,,,,
,,,,,,,,,,,,,,,,,,,,,,,,,,2.92,240.00,3.60,,,,,,,,,,,,,,,,,,,,,,,,,,,,,,,,,,,,,,,,,,,,
,,,,,,,,,,,,,,,,,,,,,,,,,,2.93,,,1.40,,,,,,,,,,,,,,,,,,,,,,,,,,,,,,,,,,,,,,,,,,,
,,,,,,,,,,,,,,,,,,,,,,,,,,2.93,241.00,3.61,,,,,,,,,,,,,,,,,,,,,,,,,,,,,,,,,,,,,,,,,,,,
,,,,,,,,,,,,,,,,,,,,,,,,,,2.93,,,,,,,,,,-0.22,,,,,,,,,,,,,,,,,,,,,,,,,,,,,,,,,,,,
,,,,,,,,,,,,,,,,,,,,,,,,,,2.94,,,1.40,,,,,,,,,,,,,,,,,,,,,,,,,,,,,,,,,,,,,,,,,,,
,,,,,,,,,,,,,,,,,,,,,,,,,,2.94,242.00,3.63,,,,,,,,,,,,,,,,,,,,,,,,,,,,,,,,,,,,,,,,,,,,
,,,,,,,,,,,,,,,,,,,,,,,,,,2.94,,,,,,,,,,-0.17,,,,,,,,,,,,,,,,,,,,,,,,,,,,,,,,,,,,
,,,,,,,,,,,,,,,,,,,,,,,,,,2.95,,,1.40,,,,,,,,,,,,,,,,,,,,,,,,,,,,,,,,,,,,,,,,,,,
,,,,,,,,,,,,,,,,,,,,,,,,,,2.96,243.00,3.64,,,,,,,,,,,,,,,,,,,,,,,,,,,,,,,,,,,,,,,,,,,,
,,,,,,,,,,,,,,,,,,,,,,,,,,2.96,,,,,,,,,,-0.24,,,,,,,,,,,,,,,,,,,,,,,,,,,,,,,,,,,,
,,,,,,,,,,,,,,,,,,,,,,,,,,2.96,,,1.39,,,,,,,,,,,,,,,,,,,,,,,,,,,,,,,,,,,,,,,,,,,
,,,,,,,,,,,,,,,,,,,,,,,,,,2.97,244.00,3.66,,,,,,,,,,,,,,,,,,,,,,,,,,,,,,,,,,,,,,,,,,,,
,,,,,,,,,,,,,,,,,,,,,,,,,,2.97,,,,,,,,,,-0.20,,,,,,,,,,,,,,,,,,,,,,,,,,,,,,,,,,,,
,,,,,,,,,,,,,,,,,,,,,,,,,,2.97,,,1.39,,,,,,,,,,,,,,,,,,,,,,,,,,,,,,,,,,,,,,,,,,,
,,,,,,,,,,,,,,,,,,,,,,,,,,2.98,245.00,3.67,,,,,,,,,,,,,,,,,,,,,,,,,,,,,,,,,,,,,,,,,,,,
,,,,,,,,,,,,,,,,,,,,,,,,,,2.98,,,,,,,,,,-0.12,,,,,,,,,,,,,,,,,,,,,,,,,,,,,,,,,,,,
,,,,,,,,,,,,,,,,,,,,,,,,,,2.98,,,1.39,,,,,,,,,,,,,,,,,,,,,,,,,,,,,,,,,,,,,,,,,,,
,,,,,,,,,,,,,,,,,,,,,,,,,,2.99,,,,,,,,,,0.04,,,,,,,,,,,,,,,,,,,,,,,,,,,,,,,,,,,,
,,,,,,,,,,,,,,,,,,,,,,,,,,2.99,246.00,3.69,,,,,,,,,,,,,,,,,,,,,,,,,,,,,,,,,,,,,,,,,,,,
,,,,,,,,,,,,,,,,,,,,,,,,,,2.99,,,1.39,,,,,,,,,,,,,,,,,,,,,,,,,,,,,,,,,,,,,,,,,,,
,,,,,,,,,,,,,,,,,,,,,,,,,,3.00,247.00,3.70,,,,,,,,,,,,,,,,,,,,,,,,,,,,,,,,,,,,,,,,,,,,
,,,,,,,,,,,,,,,,,,,,,,,,,,3.00,,,,,,,,,,-0.13,,,,,,,,,,,,,,,,,,,,,,,,,,,,,,,,,,,,
,,,,,,,,,,,,,,,,,,,,,,,,,,3.00,,,1.39,,,,,,,,,,,,,,,,,,,,,,,,,,,,,,,,,,,,,,,,,,,
,,,,,,,,,,,,,,,,,,,,,,,,,,3.01,,,,,,,,,,0.19,,,,,,,,,,,,,,,,,,,,,,,,,,,,,,,,,,,,
,,,,,,,,,,,,,,,,,,,,,,,,,,3.01,248.00,3.72,,,,,,,,,,,,,,,,,,,,,,,,,,,,,,,,,,,,,,,,,,,,
,,,,,,,,,,,,,,,,,,,,,,,,,,3.01,,,1.39,,,,,,,,,,,,,,,,,,,,,,,,,,,,,,,,,,,,,,,,,,,
,,,,,,,,,,,,,,,,,,,,,,,,,,3.02,249.00,3.73,,,,,,,,,,,,,,,,,,,,,,,,,,,,,,,,,,,,,,,,,,,,
,,,,,,,,,,,,,,,,,,,,,,,,,,3.02,,,,,,,,,,-0.18,,,,,,,,,,,,,,,,,,,,,,,,,,,,,,,,,,,,
,,,,,,,,,,,,,,,,,,,,,,,,,,3.02,,,1.39,,,,,,,,,,,,,,,,,,,,,,,,,,,,,,,,,,,,,,,,,,,
,,,,,,,,,,,,,,,,,,,,,,,,,,3.03,,,,,,,,,,0.31,,,,,,,,,,,,,,,,,,,,,,,,,,,,,,,,,,,,
,,,,,,,,,,,,,,,,,,,,,,,,,,3.03,250.00,3.75,,,,,,,,,,,,,,,,,,,,,,,,,,,,,,,,,,,,,,,,,,,,
,,,,,,,,,,,,,,,,,,,,,,,,,,3.04,,,1.39,,,,,,,,,,,,,,,,,,,,,,,,,,,,,,,,,,,,,,,,,,,
,,,,,,,,,,,,,,,,,,,,,,,,,,3.04,251.00,3.76,,,,,,,,,,,,,,,,,,,,,,,,,,,,,,,,,,,,,,,,,,,,
,,,,,,,,,,,,,,,,,,,,,,,,,,3.04,,,,,,,,,,-0.23,,,,,,,,,,,,,,,,,,,,,,,,,,,,,,,,,,,,
,,,,,,,,,,,,,,,,,,,,,,,,,,3.05,,,1.39,,,,,,,,,,,,,,,,,,,,,,,,,,,,,,,,,,,,,,,,,,,
,,,,,,,,,,,,,,,,,,,,,,,,,,3.05,252.00,3.78,,,,,,,,,,,,,,,,,,,,,,,,,,,,,,,,,,,,,,,,,,,,
,,,,,,,,,,,,,,,,,,,,,,,,,,3.05,,,,,,,,,,-0.19,,,,,,,,,,,,,,,,,,,,,,,,,,,,,,,,,,,,
,,,,,,,,,,,,,,,,,,,,,,,,,,3.06,,,1.39,,,,,,,,,,,,,,,,,,,,,,,,,,,,,,,,,,,,,,,,,,,
,,,,,,,,,,,,,,,,,,,,,,,,,,3.06,253.00,3.79,,,,,,,,,,,,,,,,,,,,,,,,,,,,,,,,,,,,,,,,,,,,
,,,,,,,,,,,,,,,,,,,,,,,,,,3.06,,,,,,,,,,-0.24,,,,,,,,,,,,,,,,,,,,,,,,,,,,,,,,,,,,
,,,,,,,,,,,,,,,,,,,,,,,,,,3.07,,,1.38,,,,,,,,,,,,,,,,,,,,,,,,,,,,,,,,,,,,,,,,,,,
,,,,,,,,,,,,,,,,,,,,,,,,,,3.07,254.00,3.81,,,,,,,,,,,,,,,,,,,,,,,,,,,,,,,,,,,,,,,,,,,,
,,,,,,,,,,,,,,,,,,,,,,,,,,3.07,,,,,,,,,,-0.19,,,,,,,,,,,,,,,,,,,,,,,,,,,,,,,,,,,,
,,,,,,,,,,,,,,,,,,,,,,,,,,3.08,,,1.38,,,,,,,,,,,,,,,,,,,,,,,,,,,,,,,,,,,,,,,,,,,
,,,,,,,,,,,,,,,,,,,,,,,,,,3.08,255.00,3.82,,,,,,,,,,,,,,,,,,,,,,,,,,,,,,,,,,,,,,,,,,,,
,,,,,,,,,,,,,,,,,,,,,,,,,,3.08,,,,,,,,,,-0.11,,,,,,,,,,,,,,,,,,,,,,,,,,,,,,,,,,,,
,,,,,,,,,,,,,,,,,,,,,,,,,,3.09,,,1.38,,,,,,,,,,,,,,,,,,,,,,,,,,,,,,,,,,,,,,,,,,,
,,,,,,,,,,,,,,,,,,,,,,,,,,3.10,,,,,,,,,,0.04,,,,,,,,,,,,,,,,,,,,,,,,,,,,,,,,,,,,
,,,,,,,,,,,,,,,,,,,,,,,,,,3.10,256.00,3.84,,,,,,,,,,,,,,,,,,,,,,,,,,,,,,,,,,,,,,,,,,,,
,,,,,,,,,,,,,,,,,,,,,,,,,,3.10,,,1.38,,,,,,,,,,,,,,,,,,,,,,,,,,,,,,,,,,,,,,,,,,,
,,,,,,,,,,,,,,,,,,,,,,,,,,3.11,257.00,3.85,,,,,,,,,,,,,,,,,,,,,,,,,,,,,,,,,,,,,,,,,,,,
,,,,,,,,,,,,,,,,,,,,,,,,,,3.11,,,,,,,,,,-0.15,,,,,,,,,,,,,,,,,,,,,,,,,,,,,,,,,,,,
,,,,,,,,,,,,,,,,,,,,,,,,,,3.11,,,1.38,,,,,,,,,,,,,,,,,,,,,,,,,,,,,,,,,,,,,,,,,,,
,,,,,,,,,,,,,,,,,,,,,,,,,,3.12,,,,,,,,,,0.19,,,,,,,,,,,,,,,,,,,,,,,,,,,,,,,,,,,,
,,,,,,,,,,,,,,,,,,,,,,,,,,3.12,258.00,3.87,,,,,,,,,,,,,,,,,,,,,,,,,,,,,,,,,,,,,,,,,,,,
,,,,,,,,,,,,,,,,,,,,,,,,,,3.12,,,1.38,,,,,,,,,,,,,,,,,,,,,,,,,,,,,,,,,,,,,,,,,,,
,,,,,,,,,,,,,,,,,,,,,,,,,,3.13,259.00,3.88,,,,,,,,,,,,,,,,,,,,,,,,,,,,,,,,,,,,,,,,,,,,
,,,,,,,,,,,,,,,,,,,,,,,,,,3.13,,,,,,,,,,-0.14,,,,,,,,,,,,,,,,,,,,,,,,,,,,,,,,,,,,
,,,,,,,,,,,,,,,,,,,,,,,,,,3.13,,,1.38,,,,,,,,,,,,,,,,,,,,,,,,,,,,,,,,,,,,,,,,,,,
,,,,,,,,,,,,,,,,,,,,,,,,,,3.14,,,,,,,,,,0.29,,,,,,,,,,,,,,,,,,,,,,,,,,,,,,,,,,,,
,,,,,,,,,,,,,,,,,,,,,,,,,,3.14,260.00,3.90,,,,,,,,,,,,,,,,,,,,,,,,,,,,,,,,,,,,,,,,,,,,
,,,,,,,,,,,,,,,,,,,,,,,,,,3.14,,,1.38,,,,,,,,,,,,,,,,,,,,,,,,,,,,,,,,,,,,,,,,,,,
,,,,,,,,,,,,,,,,,,,,,,,,,,3.15,261.00,3.91,,,,,,,,,,,,,,,,,,,,,,,,,,,,,,,,,,,,,,,,,,,,
,,,,,,,,,,,,,,,,,,,,,,,,,,3.15,,,,,,,,,,-0.25,,,,,,,,,,,,,,,,,,,,,,,,,,,,,,,,,,,,
,,,,,,,,,,,,,,,,,,,,,,,,,,3.15,,,1.38,,,,,,,,,,,,,,,,,,,,,,,,,,,,,,,,,,,,,,,,,,,
,,,,,,,,,,,,,,,,,,,,,,,,,,3.16,262.00,3.93,,,,,,,,,,,,,,,,,,,,,,,,,,,,,,,,,,,,,,,,,,,,
,,,,,,,,,,,,,,,,,,,,,,,,,,3.16,,,,,,,,,,-0.18,,,,,,,,,,,,,,,,,,,,,,,,,,,,,,,,,,,,
,,,,,,,,,,,,,,,,,,,,,,,,,,3.17,,,1.38,,,,,,,,,,,,,,,,,,,,,,,,,,,,,,,,,,,,,,,,,,,
,,,,,,,,,,,,,,,,,,,,,,,,,,3.17,263.00,3.94,,,,,,,,,,,,,,,,,,,,,,,,,,,,,,,,,,,,,,,,,,,,
,,,,,,,,,,,,,,,,,,,,,,,,,,3.17,,,,,,,,,,-0.22,,,,,,,,,,,,,,,,,,,,,,,,,,,,,,,,,,,,
,,,,,,,,,,,,,,,,,,,,,,,,,,3.18,,,1.38,,,,,,,,,,,,,,,,,,,,,,,,,,,,,,,,,,,,,,,,,,,
,,,,,,,,,,,,,,,,,,,,,,,,,,3.18,264.00,3.96,,,,,,,,,,,,,,,,,,,,,,,,,,,,,,,,,,,,,,,,,,,,
,,,,,,,,,,,,,,,,,,,,,,,,,,3.18,,,,,,,,,,-0.19,,,,,,,,,,,,,,,,,,,,,,,,,,,,,,,,,,,,
,,,,,,,,,,,,,,,,,,,,,,,,,,3.19,,,1.38,,,,,,,,,,,,,,,,,,,,,,,,,,,,,,,,,,,,,,,,,,,
,,,,,,,,,,,,,,,,,,,,,,,,,,3.19,265.00,3.97,,,,,,,,,,,,,,,,,,,,,,,,,,,,,,,,,,,,,,,,,,,,
,,,,,,,,,,,,,,,,,,,,,,,,,,3.19,,,,,,,,,,-0.13,,,,,,,,,,,,,,,,,,,,,,,,,,,,,,,,,,,,
,,,,,,,,,,,,,,,,,,,,,,,,,,3.20,,,1.37,,,,,,,,,,,,,,,,,,,,,,,,,,,,,,,,,,,,,,,,,,,
,,,,,,,,,,,,,,,,,,,,,,,,,,3.20,,,,,,,,,,0.02,,,,,,,,,,,,,,,,,,,,,,,,,,,,,,,,,,,,
,,,,,,,,,,,,,,,,,,,,,,,,,,3.20,266.00,3.99,,,,,,,,,,,,,,,,,,,,,,,,,,,,,,,,,,,,,,,,,,,,
,,,,,,,,,,,,,,,,,,,,,,,,,,3.21,,,1.37,,,,,,,,,,,,,,,,,,,,,,,,,,,,,,,,,,,,,,,,,,,
,,,,,,,,,,,,,,,,,,,,,,,,,,3.21,267.00,4.00,,,,,,,,,,,,,,,,,,,,,,,,,,,,,,,,,,,,,,,,,,,,
,,,,,,,,,,,,,,,,,,,,,,,,,,3.21,,,,,,,,,,-0.13,,,,,,,,,,,,,,,,,,,,,,,,,,,,,,,,,,,,
,,,,,,,,,,,,,,,,,,,,,,,,,,3.22,,,1.37,,,,,,,,,,,,,,,,,,,,,,,,,,,,,,,,,,,,,,,,,,,
,,,,,,,,,,,,,,,,,,,,,,,,,,3.23,,,,,,,,,,0.18,,,,,,,,,,,,,,,,,,,,,,,,,,,,,,,,,,,,
,,,,,,,,,,,,,,,,,,,,,,,,,,3.23,268.00,4.02,,,,,,,,,,,,,,,,,,,,,,,,,,,,,,,,,,,,,,,,,,,,
,,,,,,,,,,,,,,,,,,,,,,,,,,3.23,,,1.37,,,,,,,,,,,,,,,,,,,,,,,,,,,,,,,,,,,,,,,,,,,
,,,,,,,,,,,,,,,,,,,,,,,,,,3.24,269.00,4.04,,,,,,,,,,,,,,,,,,,,,,,,,,,,,,,,,,,,,,,,,,,,
,,,,,,,,,,,,,,,,,,,,,,,,,,3.24,,,,,,,,,,-0.15,,,,,,,,,,,,,,,,,,,,,,,,,,,,,,,,,,,,
,,,,,,,,,,,,,,,,,,,,,,,,,,3.24,,,1.37,,,,,,,,,,,,,,,,,,,,,,,,,,,,,,,,,,,,,,,,,,,
,,,,,,,,,,,,,,,,,,,,,,,,,,3.25,,,,,,,,,,0.27,,,,,,,,,,,,,,,,,,,,,,,,,,,,,,,,,,,,
,,,,,,,,,,,,,,,,,,,,,,,,,,3.25,270.00,4.05,,,,,,,,,,,,,,,,,,,,,,,,,,,,,,,,,,,,,,,,,,,,
,,,,,,,,,,,,,,,,,,,,,,,,,,3.25,,,1.38,,,,,,,,,,,,,,,,,,,,,,,,,,,,,,,,,,,,,,,,,,,
,,,,,,,,,,,,,,,,,,,,,,,,,,3.26,271.00,4.06,,,,,,,,,,,,,,,,,,,,,,,,,,,,,,,,,,,,,,,,,,,,
,,,,,,,,,,,,,,,,,,,,,,,,,,3.26,,,,,,,,,,-0.23,,,,,,,,,,,,,,,,,,,,,,,,,,,,,,,,,,,,
,,,,,,,,,,,,,,,,,,,,,,,,,,3.26,,,1.37,,,,,,,,,,,,,,,,,,,,,,,,,,,,,,,,,,,,,,,,,,,
,,,,,,,,,,,,,,,,,,,,,,,,,,3.27,272.00,4.08,,,,,,,,,,,,,,,,,,,,,,,,,,,,,,,,,,,,,,,,,,,,
,,,,,,,,,,,,,,,,,,,,,,,,,,3.27,,,,,,,,,,-0.17,,,,,,,,,,,,,,,,,,,,,,,,,,,,,,,,,,,,
,,,,,,,,,,,,,,,,,,,,,,,,,,3.27,,,1.37,,,,,,,,,,,,,,,,,,,,,,,,,,,,,,,,,,,,,,,,,,,
,,,,,,,,,,,,,,,,,,,,,,,,,,3.28,273.00,4.09,,,,,,,,,,,,,,,,,,,,,,,,,,,,,,,,,,,,,,,,,,,,
,,,,,,,,,,,,,,,,,,,,,,,,,,3.28,,,,,,,,,,-0.19,,,,,,,,,,,,,,,,,,,,,,,,,,,,,,,,,,,,
,,,,,,,,,,,,,,,,,,,,,,,,,,3.29,,,1.37,,,,,,,,,,,,,,,,,,,,,,,,,,,,,,,,,,,,,,,,,,,
,,,,,,,,,,,,,,,,,,,,,,,,,,3.29,274.00,4.11,,,,,,,,,,,,,,,,,,,,,,,,,,,,,,,,,,,,,,,,,,,,
,,,,,,,,,,,,,,,,,,,,,,,,,,3.29,,,,,,,,,,-0.23,,,,,,,,,,,,,,,,,,,,,,,,,,,,,,,,,,,,
,,,,,,,,,,,,,,,,,,,,,,,,,,3.30,,,1.37,,,,,,,,,,,,,,,,,,,,,,,,,,,,,,,,,,,,,,,,,,,
,,,,,,,,,,,,,,,,,,,,,,,,,,3.30,275.00,4.12,,,,,,,,,,,,,,,,,,,,,,,,,,,,,,,,,,,,,,,,,,,,
,,,,,,,,,,,,,,,,,,,,,,,,,,3.30,,,,,,,,,,-0.11,,,,,,,,,,,,,,,,,,,,,,,,,,,,,,,,,,,,
,,,,,,,,,,,,,,,,,,,,,,,,,,3.31,,,1.37,,,,,,,,,,,,,,,,,,,,,,,,,,,,,,,,,,,,,,,,,,,
,,,,,,,,,,,,,,,,,,,,,,,,,,3.31,,,,,,,,,,0.05,,,,,,,,,,,,,,,,,,,,,,,,,,,,,,,,,,,,
,,,,,,,,,,,,,,,,,,,,,,,,,,3.31,276.00,4.14,,,,,,,,,,,,,,,,,,,,,,,,,,,,,,,,,,,,,,,,,,,,
,,,,,,,,,,,,,,,,,,,,,,,,,,3.32,,,1.37,,,,,,,,,,,,,,,,,,,,,,,,,,,,,,,,,,,,,,,,,,,
,,,,,,,,,,,,,,,,,,,,,,,,,,3.33,277.00,4.16,,,,,,,,,,,,,,,,,,,,,,,,,,,,,,,,,,,,,,,,,,,,
,,,,,,,,,,,,,,,,,,,,,,,,,,3.33,,,,,,,,,,-0.14,,,,,,,,,,,,,,,,,,,,,,,,,,,,,,,,,,,,
,,,,,,,,,,,,,,,,,,,,,,,,,,3.33,,,1.36,,,,,,,,,,,,,,,,,,,,,,,,,,,,,,,,,,,,,,,,,,,
,,,,,,,,,,,,,,,,,,,,,,,,,,3.34,,,,,,,,,,0.18,,,,,,,,,,,,,,,,,,,,,,,,,,,,,,,,,,,,
,,,,,,,,,,,,,,,,,,,,,,,,,,3.34,278.00,4.17,,,,,,,,,,,,,,,,,,,,,,,,,,,,,,,,,,,,,,,,,,,,
,,,,,,,,,,,,,,,,,,,,,,,,,,3.34,,,1.37,,,,,,,,,,,,,,,,,,,,,,,,,,,,,,,,,,,,,,,,,,,
,,,,,,,,,,,,,,,,,,,,,,,,,,3.35,279.00,4.18,,,,,,,,,,,,,,,,,,,,,,,,,,,,,,,,,,,,,,,,,,,,
,,,,,,,,,,,,,,,,,,,,,,,,,,3.35,,,,,,,,,,-0.16,,,,,,,,,,,,,,,,,,,,,,,,,,,,,,,,,,,,
,,,,,,,,,,,,,,,,,,,,,,,,,,3.35,,,1.36,,,,,,,,,,,,,,,,,,,,,,,,,,,,,,,,,,,,,,,,,,,
,,,,,,,,,,,,,,,,,,,,,,,,,,3.36,,,,,,,,,,0.27,,,,,,,,,,,,,,,,,,,,,,,,,,,,,,,,,,,,
,,,,,,,,,,,,,,,,,,,,,,,,,,3.36,280.00,4.20,,,,,,,,,,,,,,,,,,,,,,,,,,,,,,,,,,,,,,,,,,,,
,,,,,,,,,,,,,,,,,,,,,,,,,,3.36,,,1.37,,,,,,,,,,,,,,,,,,,,,,,,,,,,,,,,,,,,,,,,,,,
,,,,,,,,,,,,,,,,,,,,,,,,,,3.37,281.00,4.21,,,,,,,,,,,,,,,,,,,,,,,,,,,,,,,,,,,,,,,,,,,,
,,,,,,,,,,,,,,,,,,,,,,,,,,3.37,,,,,,,,,,-0.22,,,,,,,,,,,,,,,,,,,,,,,,,,,,,,,,,,,,
,,,,,,,,,,,,,,,,,,,,,,,,,,3.37,,,1.37,,,,,,,,,,,,,,,,,,,,,,,,,,,,,,,,,,,,,,,,,,,
,,,,,,,,,,,,,,,,,,,,,,,,,,3.38,282.00,4.23,,,,,,,,,,,,,,,,,,,,,,,,,,,,,,,,,,,,,,,,,,,,
,,,,,,,,,,,,,,,,,,,,,,,,,,3.38,,,,,,,,,,-0.16,,,,,,,,,,,,,,,,,,,,,,,,,,,,,,,,,,,,
,,,,,,,,,,,,,,,,,,,,,,,,,,3.38,,,1.36,,,,,,,,,,,,,,,,,,,,,,,,,,,,,,,,,,,,,,,,,,,
,,,,,,,,,,,,,,,,,,,,,,,,,,3.39,283.00,4.25,,,,,,,,,,,,,,,,,,,,,,,,,,,,,,,,,,,,,,,,,,,,
,,,,,,,,,,,,,,,,,,,,,,,,,,3.39,,,,,,,,,,-0.24,,,,,,,,,,,,,,,,,,,,,,,,,,,,,,,,,,,,
,,,,,,,,,,,,,,,,,,,,,,,,,,3.40,,,1.36,,,,,,,,,,,,,,,,,,,,,,,,,,,,,,,,,,,,,,,,,,,
,,,,,,,,,,,,,,,,,,,,,,,,,,3.40,284.00,4.26,,,,,,,,,,,,,,,,,,,,,,,,,,,,,,,,,,,,,,,,,,,,
,,,,,,,,,,,,,,,,,,,,,,,,,,3.40,,,,,,,,,,-0.20,,,,,,,,,,,,,,,,,,,,,,,,,,,,,,,,,,,,
,,,,,,,,,,,,,,,,,,,,,,,,,,3.41,,,1.36,,,,,,,,,,,,,,,,,,,,,,,,,,,,,,,,,,,,,,,,,,,
,,,,,,,,,,,,,,,,,,,,,,,,,,3.41,285.00,4.27,,,,,,,,,,,,,,,,,,,,,,,,,,,,,,,,,,,,,,,,,,,,
,,,,,,,,,,,,,,,,,,,,,,,,,,3.41,,,,,,,,,,-0.10,,,,,,,,,,,,,,,,,,,,,,,,,,,,,,,,,,,,
,,,,,,,,,,,,,,,,,,,,,,,,,,3.42,,,1.36,,,,,,,,,,,,,,,,,,,,,,,,,,,,,,,,,,,,,,,,,,,
,,,,,,,,,,,,,,,,,,,,,,,,,,3.42,,,,,,,,,,0.02,,,,,,,,,,,,,,,,,,,,,,,,,,,,,,,,,,,,
,,,,,,,,,,,,,,,,,,,,,,,,,,3.42,286.00,4.29,,,,,,,,,,,,,,,,,,,,,,,,,,,,,,,,,,,,,,,,,,,,
,,,,,,,,,,,,,,,,,,,,,,,,,,3.43,,,1.36,,,,,,,,,,,,,,,,,,,,,,,,,,,,,,,,,,,,,,,,,,,
,,,,,,,,,,,,,,,,,,,,,,,,,,3.44,287.00,4.30,,,,,,,,,,,,,,,,,,,,,,,,,,,,,,,,,,,,,,,,,,,,
,,,,,,,,,,,,,,,,,,,,,,,,,,3.44,,,,,,,,,,-0.13,,,,,,,,,,,,,,,,,,,,,,,,,,,,,,,,,,,,
,,,,,,,,,,,,,,,,,,,,,,,,,,3.44,,,1.36,,,,,,,,,,,,,,,,,,,,,,,,,,,,,,,,,,,,,,,,,,,
,,,,,,,,,,,,,,,,,,,,,,,,,,3.45,,,,,,,,,,0.18,,,,,,,,,,,,,,,,,,,,,,,,,,,,,,,,,,,,
,,,,,,,,,,,,,,,,,,,,,,,,,,3.45,288.00,4.32,,,,,,,,,,,,,,,,,,,,,,,,,,,,,,,,,,,,,,,,,,,,
,,,,,,,,,,,,,,,,,,,,,,,,,,3.45,,,1.36,,,,,,,,,,,,,,,,,,,,,,,,,,,,,,,,,,,,,,,,,,,
,,,,,,,,,,,,,,,,,,,,,,,,,,3.46,289.00,4.33,,,,,,,,,,,,,,,,,,,,,,,,,,,,,,,,,,,,,,,,,,,,
,,,,,,,,,,,,,,,,,,,,,,,,,,3.46,,,,,,,,,,-0.14,,,,,,,,,,,,,,,,,,,,,,,,,,,,,,,,,,,,
,,,,,,,,,,,,,,,,,,,,,,,,,,3.46,,,1.36,,,,,,,,,,,,,,,,,,,,,,,,,,,,,,,,,,,,,,,,,,,
,,,,,,,,,,,,,,,,,,,,,,,,,,3.47,,,,,,,,,,0.29,,,,,,,,,,,,,,,,,,,,,,,,,,,,,,,,,,,,
,,,,,,,,,,,,,,,,,,,,,,,,,,3.47,290.00,4.35,,,,,,,,,,,,,,,,,,,,,,,,,,,,,,,,,,,,,,,,,,,,
,,,,,,,,,,,,,,,,,,,,,,,,,,3.47,,,1.36,,,,,,,,,,,,,,,,,,,,,,,,,,,,,,,,,,,,,,,,,,,
,,,,,,,,,,,,,,,,,,,,,,,,,,3.48,291.00,4.37,,,,,,,,,,,,,,,,,,,,,,,,,,,,,,,,,,,,,,,,,,,,
,,,,,,,,,,,,,,,,,,,,,,,,,,3.48,,,,,,,,,,-0.23,,,,,,,,,,,,,,,,,,,,,,,,,,,,,,,,,,,,
,,,,,,,,,,,,,,,,,,,,,,,,,,3.48,,,1.36,,,,,,,,,,,,,,,,,,,,,,,,,,,,,,,,,,,,,,,,,,,
,,,,,,,,,,,,,,,,,,,,,,,,,,3.49,292.00,4.38,,,,,,,,,,,,,,,,,,,,,,,,,,,,,,,,,,,,,,,,,,,,
,,,,,,,,,,,,,,,,,,,,,,,,,,3.49,,,,,,,,,,-0.19,,,,,,,,,,,,,,,,,,,,,,,,,,,,,,,,,,,,
,,,,,,,,,,,,,,,,,,,,,,,,,,3.50,,,1.36,,,,,,,,,,,,,,,,,,,,,,,,,,,,,,,,,,,,,,,,,,,
,,,,,,,,,,,,,,,,,,,,,,,,,,3.50,293.00,4.39,,,,,,,,,,,,,,,,,,,,,,,,,,,,,,,,,,,,,,,,,,,,
,,,,,,,,,,,,,,,,,,,,,,,,,,3.50,,,,,,,,,,-0.22,,,,,,,,,,,,,,,,,,,,,,,,,,,,,,,,,,,,
,,,,,,,,,,,,,,,,,,,,,,,,,,3.51,,,1.35,,,,,,,,,,,,,,,,,,,,,,,,,,,,,,,,,,,,,,,,,,,
,,,,,,,,,,,,,,,,,,,,,,,,,,3.51,294.00,4.41,,,,,,,,,,,,,,,,,,,,,,,,,,,,,,,,,,,,,,,,,,,,
,,,,,,,,,,,,,,,,,,,,,,,,,,3.51,,,,,,,,,,-0.18,,,,,,,,,,,,,,,,,,,,,,,,,,,,,,,,,,,,
,,,,,,,,,,,,,,,,,,,,,,,,,,3.52,,,1.35,,,,,,,,,,,,,,,,,,,,,,,,,,,,,,,,,,,,,,,,,,,
,,,,,,,,,,,,,,,,,,,,,,,,,,3.52,295.00,4.42,,,,,,,,,,,,,,,,,,,,,,,,,,,,,,,,,,,,,,,,,,,,
,,,,,,,,,,,,,,,,,,,,,,,,,,3.52,,,,,,,,,,-0.12,,,,,,,,,,,,,,,,,,,,,,,,,,,,,,,,,,,,
,,,,,,,,,,,,,,,,,,,,,,,,,,3.53,,,1.35,,,,,,,,,,,,,,,,,,,,,,,,,,,,,,,,,,,,,,,,,,,
,,,,,,,,,,,,,,,,,,,,,,,,,,3.53,,,,,,,,,,0.01,,,,,,,,,,,,,,,,,,,,,,,,,,,,,,,,,,,,
,,,,,,,,,,,,,,,,,,,,,,,,,,3.53,296.00,4.44,,,,,,,,,,,,,,,,,,,,,,,,,,,,,,,,,,,,,,,,,,,,
,,,,,,,,,,,,,,,,,,,,,,,,,,3.54,,,1.35,,,,,,,,,,,,,,,,,,,,,,,,,,,,,,,,,,,,,,,,,,,
,,,,,,,,,,,,,,,,,,,,,,,,,,3.54,297.00,4.45,,,,,,,,,,,,,,,,,,,,,,,,,,,,,,,,,,,,,,,,,,,,
,,,,,,,,,,,,,,,,,,,,,,,,,,3.54,,,,,,,,,,-0.14,,,,,,,,,,,,,,,,,,,,,,,,,,,,,,,,,,,,
,,,,,,,,,,,,,,,,,,,,,,,,,,3.55,,,1.35,,,,,,,,,,,,,,,,,,,,,,,,,,,,,,,,,,,,,,,,,,,
,,,,,,,,,,,,,,,,,,,,,,,,,,3.56,,,,,,,,,,0.21,,,,,,,,,,,,,,,,,,,,,,,,,,,,,,,,,,,,
,,,,,,,,,,,,,,,,,,,,,,,,,,3.56,298.00,4.47,,,,,,,,,,,,,,,,,,,,,,,,,,,,,,,,,,,,,,,,,,,,
,,,,,,,,,,,,,,,,,,,,,,,,,,3.56,,,1.35,,,,,,,,,,,,,,,,,,,,,,,,,,,,,,,,,,,,,,,,,,,
,,,,,,,,,,,,,,,,,,,,,,,,,,3.57,299.00,4.48,,,,,,,,,,,,,,,,,,,,,,,,,,,,,,,,,,,,,,,,,,,,
,,,,,,,,,,,,,,,,,,,,,,,,,,3.57,,,,,,,,,,-0.16,,,,,,,,,,,,,,,,,,,,,,,,,,,,,,,,,,,,
,,,,,,,,,,,,,,,,,,,,,,,,,,3.57,,,1.35,,,,,,,,,,,,,,,,,,,,,,,,,,,,,,,,,,,,,,,,,,,
,,,,,,,,,,,,,,,,,,,,,,,,,,3.58,,,,,,,,,,0.26,,,,,,,,,,,,,,,,,,,,,,,,,,,,,,,,,,,,
,,,,,,,,,,,,,,,,,,,,,,,,,,3.58,300.00,4.50,,,,,,,,,,,,,,,,,,,,,,,,,,,,,,,,,,,,,,,,,,,,
,,,,,,,,,,,,,,,,,,,,,,,,,,3.58,,,1.35,,,,,,,,,,,,,,,,,,,,,,,,,,,,,,,,,,,,,,,,,,,
,,,,,,,,,,,,,,,,,,,,,,,,,,3.59,301.00,4.51,,,,,,,,,,,,,,,,,,,,,,,,,,,,,,,,,,,,,,,,,,,,
,,,,,,,,,,,,,,,,,,,,,,,,,,3.59,,,,,,,,,,-0.21,,,,,,,,,,,,,,,,,,,,,,,,,,,,,,,,,,,,
,,,,,,,,,,,,,,,,,,,,,,,,,,3.60,,,1.35,,,,,,,,,,,,,,,,,,,,,,,,,,,,,,,,,,,,,,,,,,,
,,,,,,,,,,,,,,,,,,,,,,,,,,3.60,302.00,4.53,,,,,,,,,,,,,,,,,,,,,,,,,,,,,,,,,,,,,,,,,,,,
,,,,,,,,,,,,,,,,,,,,,,,,,,3.60,,,,,,,,,,-0.19,,,,,,,,,,,,,,,,,,,,,,,,,,,,,,,,,,,,
,,,,,,,,,,,,,,,,,,,,,,,,,,3.61,,,1.35,,,,,,,,,,,,,,,,,,,,,,,,,,,,,,,,,,,,,,,,,,,
,,,,,,,,,,,,,,,,,,,,,,,,,,3.61,303.00,4.54,,,,,,,,,,,,,,,,,,,,,,,,,,,,,,,,,,,,,,,,,,,,
